student_id,district,region,program,attendance_pct,prior_gpa,study_hours_per_week,assignment_avg,internet_quality,employment_status,late_submissions,passed_module
S0001,Thyolo,Southern,MSc Data Science,74.8,3.23,11.0,61.3,Average,None,3,1
S0002,Blantyre,Southern,MSc Data Science,78.8,1.8,8.9,63.2,Good,Full-time,0,1
S0003,Blantyre,Southern,MSc Data Science,75.5,3.74,13.1,86.6,Average,Part-time,1,1
S0004,Blantyre,Southern,MSc Data Science,66.7,2.66,12.4,73.8,Good,None,1,1
S0005,Mzuzu,Northern,MSc ICT,82.0,2.89,22.9,60.4,Poor,Part-time,3,1
S0006,Mangochi,Southern,MSc Data Science,66.4,2.45,15.3,91.5,Poor,None,4,1
S0007,Thyolo,Southern,MSc Public Health,77.7,3.24,10.4,49.3,Average,Part-time,1,1
S0008,Mzuzu,Northern,MSc Agronomy,79.8,3.23,13.8,53.4,Average,Part-time,4,1
S0009,Karonga,Northern,MSc Public Health,47.1,3.73,11.1,78.8,Average,Part-time,1,1
S0010,Mzuzu,Northern,MSc ICT,75.2,3.37,15.2,72.5,Poor,Part-time,1,1
S0011,Mangochi,Southern,MSc Data Science,60.6,2.19,16.1,92.0,Poor,Part-time,2,1
S0012,Zomba,Southern,MSc ICT,89.7,2.73,14.5,72.5,Average,None,4,1
S0013,Karonga,Northern,MSc Data Science,77.3,2.81,14.1,64.2,Average,Part-time,3,1
S0014,Blantyre,Southern,MSc Data Science,53.8,2.74,3.9,63.9,Good,None,2,1
S0015,Salima,Central,MSc ICT,80.4,2.66,13.9,32.1,Good,None,2,1
S0016,Kasungu,Central,MSc Agronomy,61.6,3.27,16.1,60.9,Good,Full-time,0,1
S0017,Dedza,Central,MSc ICT,91.9,2.5,16.9,78.2,Good,None,3,1
S0018,Mzuzu,Northern,MSc Data Science,87.7,3.49,14.6,37.7,Good,None,0,1
S0019,Mzimba,Northern,MSc ICT,99.8,2.29,10.0,69.1,Good,None,3,1
S0020,Lilongwe,Central,MSc ICT,91.2,2.73,12.9,60.2,Average,Part-time,1,1
S0021,Lilongwe,Central,MSc Public Health,62.6,3.51,13.7,73.2,Good,Full-time,0,1
S0022,Dedza,Central,MSc Agronomy,88.5,3.17,12.2,61.0,Poor,None,4,1
S0023,Mzimba,Northern,MSc Data Science,80.9,2.0,11.6,70.0,Average,None,3,1
S0024,Thyolo,Southern,MSc Data Science,67.0,3.61,10.6,62.3,Average,None,3,1
S0025,Lilongwe,Central,MSc ICT,75.9,3.06,8.9,72.3,Poor,Full-time,2,1
S0026,Rumphi,Northern,MSc Agronomy,61.1,4.21,11.2,94.0,Average,None,2,1
S0027,Lilongwe,Central,MSc Agronomy,58.7,2.79,8.9,60.0,Poor,Part-time,1,1
S0028,Thyolo,Southern,MSc Data Science,98.0,2.81,21.9,79.7,Good,None,3,1
S0029,Karonga,Northern,MSc ICT,71.1,3.21,17.8,89.2,Average,None,1,1
S0030,Thyolo,Southern,MSc Public Health,79.5,2.44,5.9,56.9,Poor,Full-time,1,0
S0031,Zomba,Southern,MSc ICT,87.3,3.15,5.6,79.3,Average,None,0,1
S0032,Dedza,Central,MSc ICT,73.5,3.14,20.6,67.4,Average,None,2,1
S0033,Blantyre,Southern,MSc Data Science,61.0,3.1,21.0,51.3,Good,None,0,1
S0034,Zomba,Southern,MSc ICT,84.0,3.91,8.4,65.1,Average,Full-time,5,1
S0035,Dedza,Central,MSc Agronomy,58.8,2.48,10.7,75.7,Poor,Full-time,3,0
S0036,Mzimba,Northern,MSc Public Health,68.9,3.23,0.0,47.7,Poor,Full-time,2,0
S0037,Dedza,Central,MSc ICT,87.2,2.96,11.9,54.5,Good,None,0,1
S0038,Salima,Central,MSc ICT,72.1,1.99,8.2,69.3,Average,Full-time,3,0
S0039,Mzimba,Northern,MSc Public Health,65.5,2.61,18.2,89.2,Good,Part-time,1,1
S0040,Mangochi,Southern,MSc ICT,80.7,3.45,14.1,55.5,Average,None,0,1
S0041,Mangochi,Southern,MSc Public Health,88.6,2.75,6.9,79.8,Average,None,1,1
S0042,Thyolo,Southern,MSc Agronomy,76.3,4.15,14.5,83.9,Average,Part-time,3,1
S0043,Mzimba,Northern,MSc Agronomy,74.0,2.59,18.8,62.1,Good,None,1,1
S0044,Dedza,Central,MSc Data Science,70.7,3.0,17.7,74.7,Good,None,3,1
S0045,Blantyre,Southern,MSc Public Health,86.3,2.83,13.7,55.3,Average,Full-time,2,1
S0046,Karonga,Northern,MSc Public Health,75.5,2.93,10.3,83.7,Average,None,3,1
S0047,Dedza,Central,MSc Agronomy,83.7,3.64,11.0,78.4,Average,None,3,1
S0048,Dedza,Central,MSc Agronomy,64.9,2.87,13.0,85.4,Poor,Part-time,2,1
S0049,Thyolo,Southern,MSc Public Health,76.7,3.34,6.2,79.5,Good,Full-time,1,1
S0050,Zomba,Southern,MSc Agronomy,72.8,2.8,16.9,79.4,Average,None,1,1
S0051,Blantyre,Southern,MSc Data Science,93.9,2.11,17.9,54.6,Average,Full-time,2,0
S0052,Dedza,Central,MSc ICT,70.2,4.11,17.6,57.8,Average,Part-time,0,1
S0053,Dedza,Central,MSc Data Science,78.9,3.11,3.3,44.7,Good,Part-time,3,1
S0054,Mzuzu,Northern,MSc Agronomy,81.3,2.86,12.1,78.9,Average,None,4,1
S0055,Dedza,Central,MSc Data Science,72.3,2.7,16.4,63.4,Good,None,3,1
S0056,Mzuzu,Northern,MSc ICT,71.3,3.78,10.5,68.9,Average,Full-time,1,1
S0057,Blantyre,Southern,MSc Agronomy,76.5,2.85,19.5,72.2,Poor,None,1,1
S0058,Kasungu,Central,MSc Agronomy,66.7,3.59,14.2,68.9,Poor,None,4,1
S0059,Mangochi,Southern,MSc Data Science,78.2,2.59,13.3,48.1,Average,Part-time,4,1
S0060,Dedza,Central,MSc Agronomy,37.3,4.82,8.2,55.7,Average,Part-time,5,1
S0061,Mzimba,Northern,MSc ICT,74.7,3.79,9.2,47.4,Poor,None,0,1
S0062,Mzuzu,Northern,MSc Data Science,93.2,3.07,21.3,61.4,Average,None,1,1
S0063,Mzuzu,Northern,MSc Agronomy,50.9,2.84,11.5,79.4,Average,None,5,1
S0064,Karonga,Northern,MSc Agronomy,90.7,3.74,15.6,88.0,Average,Part-time,2,1
S0065,Dedza,Central,MSc Agronomy,74.5,3.19,8.8,61.4,Average,None,2,1
S0066,Salima,Central,MSc Public Health,90.4,3.19,5.8,83.5,Poor,None,1,1
S0067,Salima,Central,MSc Data Science,93.1,2.78,15.7,62.5,Average,Part-time,0,1
S0068,Karonga,Northern,MSc Agronomy,71.5,2.86,13.4,59.4,Average,None,2,1
S0069,Blantyre,Southern,MSc Data Science,81.5,3.36,13.9,76.4,Average,None,4,1
S0070,Zomba,Southern,MSc Agronomy,71.1,2.5,17.6,67.3,Good,Full-time,1,1
S0071,Zomba,Southern,MSc Public Health,89.3,3.64,13.3,85.6,Average,None,1,1
S0072,Mzuzu,Northern,MSc Public Health,74.2,3.27,11.1,84.6,Good,None,2,1
S0073,Rumphi,Northern,MSc Data Science,94.2,3.23,9.4,62.6,Average,Full-time,2,1
S0074,Mzimba,Northern,MSc Data Science,86.1,3.07,23.7,72.2,Average,Full-time,1,1
S0075,Blantyre,Southern,MSc Data Science,77.2,1.8,11.9,81.5,Average,Full-time,2,1
S0076,Salima,Central,MSc ICT,74.7,2.82,3.5,74.0,Good,None,3,1
S0077,Mzimba,Northern,MSc Agronomy,67.5,2.16,8.0,81.2,Poor,None,1,0
S0078,Dedza,Central,MSc Public Health,85.4,3.08,11.6,63.2,Average,None,2,1
S0079,Mangochi,Southern,MSc Public Health,63.8,2.5,8.6,79.0,Good,Part-time,0,1
S0080,Karonga,Northern,MSc ICT,58.7,2.22,22.7,67.2,Average,Part-time,2,1
S0081,Karonga,Northern,MSc Public Health,79.5,3.05,4.6,75.2,Good,None,1,1
S0082,Dedza,Central,MSc Data Science,73.4,3.37,15.2,83.3,Good,Part-time,2,1
S0083,Thyolo,Southern,MSc Agronomy,79.0,1.83,8.2,82.9,Average,None,5,1
S0084,Thyolo,Southern,MSc ICT,67.4,2.88,8.7,47.6,Good,None,2,0
S0085,Dedza,Central,MSc Data Science,88.6,1.8,8.1,45.8,Good,Full-time,3,0
S0086,Zomba,Southern,MSc Data Science,99.3,3.14,2.9,64.6,Average,None,2,1
S0087,Mangochi,Southern,MSc Agronomy,81.1,2.61,7.9,80.2,Average,None,2,1
S0088,Rumphi,Northern,MSc Data Science,76.7,2.01,19.5,63.2,Average,Part-time,0,1
S0089,Rumphi,Northern,MSc ICT,66.0,3.65,12.7,80.4,Good,Part-time,0,1
S0090,Lilongwe,Central,MSc Public Health,83.9,3.87,10.8,60.5,Poor,None,2,1
S0091,Karonga,Northern,MSc Agronomy,65.5,3.16,18.0,81.3,Good,None,4,1
S0092,Salima,Central,MSc Data Science,77.1,2.7,16.7,77.0,Average,Part-time,5,1
S0093,Mangochi,Southern,MSc Agronomy,84.2,3.82,15.4,68.4,Good,None,1,1
S0094,Thyolo,Southern,MSc Public Health,56.9,2.53,13.7,65.7,Good,Full-time,2,1
S0095,Mangochi,Southern,MSc ICT,94.5,3.39,11.0,54.6,Average,None,1,1
S0096,Mzimba,Northern,MSc Agronomy,71.4,2.88,11.1,97.0,Poor,None,2,1
S0097,Rumphi,Northern,MSc Data Science,81.0,3.23,13.1,65.0,Good,Full-time,2,1
S0098,Mzuzu,Northern,MSc Data Science,90.5,3.76,15.7,44.6,Poor,Part-time,2,1
S0099,Mangochi,Southern,MSc ICT,73.5,3.54,5.4,88.6,Average,Full-time,1,1
S0100,Thyolo,Southern,MSc Public Health,64.5,1.8,9.3,61.0,Poor,Part-time,1,1
S0101,Salima,Central,MSc Agronomy,85.6,2.88,10.0,75.8,Poor,None,1,1
S0102,Mzimba,Northern,MSc Agronomy,67.7,2.51,10.9,76.4,Poor,None,3,0
S0103,Mzimba,Northern,MSc ICT,81.6,2.91,14.6,20.0,Good,Part-time,6,0
S0104,Rumphi,Northern,MSc Public Health,92.4,1.89,11.6,76.1,Good,None,0,1
S0105,Blantyre,Southern,MSc Public Health,83.1,3.14,8.4,68.7,Good,Part-time,4,1
S0106,Thyolo,Southern,MSc Data Science,66.3,2.43,11.8,74.1,Good,None,2,1
S0107,Kasungu,Central,MSc Data Science,81.6,2.39,0.0,64.1,Average,Part-time,3,0
S0108,Mangochi,Southern,MSc ICT,63.2,2.88,14.6,69.4,Average,None,2,1
S0109,Lilongwe,Central,MSc ICT,74.6,3.5,9.0,54.1,Average,None,1,1
S0110,Zomba,Southern,MSc Data Science,80.6,1.92,5.9,77.9,Average,None,1,1
S0111,Mzuzu,Northern,MSc Data Science,79.2,3.37,6.2,42.5,Average,None,4,1
S0112,Mzimba,Northern,MSc Agronomy,89.1,2.6,14.3,77.4,Good,Part-time,4,1
S0113,Mangochi,Southern,MSc ICT,72.9,2.27,15.5,64.1,Average,Part-time,3,1
S0114,Zomba,Southern,MSc Agronomy,78.6,3.93,16.7,66.6,Good,None,2,1
S0115,Mzuzu,Northern,MSc Data Science,63.6,2.64,7.8,61.6,Average,None,3,1
S0116,Rumphi,Northern,MSc Public Health,85.6,3.44,22.7,97.3,Poor,None,5,1
S0117,Mangochi,Southern,MSc Public Health,82.2,3.65,0.7,62.5,Good,Part-time,3,1
S0118,Karonga,Northern,MSc Data Science,79.0,2.8,11.3,52.2,Good,Part-time,2,1
S0119,Rumphi,Northern,MSc ICT,63.8,2.64,8.7,67.5,Average,Full-time,2,1
S0120,Kasungu,Central,MSc ICT,76.5,2.62,9.8,55.6,Average,Full-time,3,1
S0121,Zomba,Southern,MSc Public Health,90.3,3.73,10.9,55.6,Average,None,1,1
S0122,Blantyre,Southern,MSc ICT,83.7,4.19,16.8,78.6,Good,Part-time,3,1
S0123,Salima,Central,MSc Public Health,68.2,2.74,16.1,68.4,Good,Part-time,4,1
S0124,Mangochi,Southern,MSc Public Health,70.8,3.45,23.1,71.9,Average,None,2,1
S0125,Mzimba,Northern,MSc ICT,75.1,2.02,7.9,71.0,Average,None,2,1
S0126,Blantyre,Southern,MSc Public Health,56.2,2.53,16.1,56.4,Average,Part-time,1,0
S0127,Rumphi,Northern,MSc Public Health,71.9,3.21,0.8,73.2,Good,Part-time,1,1
S0128,Kasungu,Central,MSc Data Science,82.8,3.88,23.3,67.7,Average,Part-time,2,1
S0129,Mangochi,Southern,MSc Agronomy,85.8,3.99,5.6,69.3,Poor,None,3,1
S0130,Thyolo,Southern,MSc Data Science,93.1,3.42,11.9,75.3,Poor,Part-time,0,1
S0131,Salima,Central,MSc ICT,97.3,2.87,4.3,66.5,Good,Full-time,1,1
S0132,Mzimba,Northern,MSc ICT,89.1,2.23,19.4,61.5,Good,None,2,1
S0133,Thyolo,Southern,MSc Public Health,59.3,2.77,16.2,72.1,Average,None,2,1
S0134,Mzuzu,Northern,MSc Public Health,74.1,3.09,11.5,66.2,Average,Part-time,2,1
S0135,Rumphi,Northern,MSc Public Health,69.9,3.49,20.9,63.8,Average,None,0,1
S0136,Karonga,Northern,MSc Data Science,75.1,3.37,5.8,55.0,Average,Full-time,3,1
S0137,Mzimba,Northern,MSc Public Health,83.3,2.43,10.6,61.8,Poor,Part-time,2,1
S0138,Mzuzu,Northern,MSc Data Science,97.8,2.58,9.5,63.6,Good,None,3,1
S0139,Salima,Central,MSc Data Science,92.8,4.29,10.6,81.7,Good,None,2,1
S0140,Mangochi,Southern,MSc ICT,77.6,2.64,12.7,65.0,Average,Part-time,1,1
S0141,Salima,Central,MSc Data Science,87.6,2.6,6.7,64.4,Poor,None,3,1
S0142,Mzimba,Northern,MSc Data Science,60.2,3.41,22.1,54.0,Average,None,2,1
S0143,Mangochi,Southern,MSc Data Science,55.1,2.74,18.6,52.8,Poor,Full-time,2,1
S0144,Mzimba,Northern,MSc ICT,78.5,1.92,14.2,86.3,Good,None,1,1
S0145,Mzimba,Northern,MSc ICT,72.0,2.8,6.0,61.8,Average,Full-time,2,1
S0146,Thyolo,Southern,MSc ICT,78.5,2.95,3.0,75.0,Average,None,0,1
S0147,Lilongwe,Central,MSc Public Health,88.8,3.11,17.4,61.1,Poor,Part-time,3,1
S0148,Kasungu,Central,MSc Public Health,100.0,3.65,10.0,77.0,Poor,Part-time,4,1
S0149,Karonga,Northern,MSc Data Science,64.7,2.89,10.7,71.8,Average,Part-time,5,1
S0150,Salima,Central,MSc Agronomy,87.6,1.8,6.9,75.7,Average,Part-time,3,0
S0151,Karonga,Northern,MSc ICT,77.2,2.97,10.2,71.0,Poor,Full-time,1,1
S0152,Karonga,Northern,MSc Data Science,83.3,2.57,13.7,53.6,Poor,None,2,0
S0153,Salima,Central,MSc Agronomy,46.1,3.92,19.7,67.0,Average,None,0,1
S0154,Salima,Central,MSc Public Health,95.6,3.48,7.9,96.7,Average,None,1,1
S0155,Rumphi,Northern,MSc Data Science,58.0,2.77,20.3,62.0,Good,None,1,1
S0156,Dedza,Central,MSc ICT,68.0,2.62,6.9,59.6,Average,None,6,1
S0157,Rumphi,Northern,MSc Data Science,88.3,3.49,18.2,48.8,Average,None,6,1
S0158,Kasungu,Central,MSc ICT,100.0,2.99,14.5,63.9,Average,Part-time,2,1
S0159,Salima,Central,MSc ICT,67.6,3.13,11.3,81.4,Average,Part-time,3,1
S0160,Dedza,Central,MSc Data Science,98.5,2.45,4.3,53.5,Average,Part-time,3,1
S0161,Mangochi,Southern,MSc Agronomy,80.6,3.26,10.8,62.5,Average,Part-time,1,1
S0162,Salima,Central,MSc Data Science,80.7,3.37,18.1,91.1,Average,None,1,1
S0163,Mzimba,Northern,MSc Data Science,81.3,2.77,0.0,79.7,Good,None,2,1
S0164,Blantyre,Southern,MSc Data Science,83.8,3.04,8.6,68.7,Good,None,1,1
S0165,Mangochi,Southern,MSc Public Health,83.6,3.42,13.9,75.7,Average,None,0,1
S0166,Thyolo,Southern,MSc Public Health,85.3,3.6,15.7,86.6,Poor,None,1,1
S0167,Thyolo,Southern,MSc ICT,61.5,2.63,25.3,73.3,Good,Full-time,2,1
S0168,Lilongwe,Central,MSc Agronomy,62.5,3.22,12.7,90.5,Average,Full-time,2,1
S0169,Kasungu,Central,MSc ICT,60.6,4.07,10.8,76.7,Poor,Full-time,1,1
S0170,Lilongwe,Central,MSc Public Health,52.7,2.72,19.8,77.1,Good,None,3,1
S0171,Blantyre,Southern,MSc ICT,75.5,2.96,17.0,56.3,Average,Part-time,2,1
S0172,Karonga,Northern,MSc Public Health,74.5,2.48,17.3,62.0,Average,None,3,1
S0173,Karonga,Northern,MSc ICT,58.7,3.04,11.2,52.0,Average,Part-time,2,0
S0174,Mangochi,Southern,MSc ICT,48.5,3.59,15.1,83.8,Average,Part-time,1,1
S0175,Thyolo,Southern,MSc ICT,80.2,3.8,19.8,56.0,Average,None,2,1
S0176,Blantyre,Southern,MSc Public Health,93.3,2.9,13.5,42.9,Good,Full-time,1,1
S0177,Karonga,Northern,MSc Public Health,81.5,3.24,19.7,54.8,Good,Part-time,3,1
S0178,Mzimba,Northern,MSc ICT,75.6,3.66,16.7,55.3,Average,Part-time,2,1
S0179,Salima,Central,MSc Agronomy,69.9,2.83,9.6,32.8,Average,Part-time,5,1
S0180,Zomba,Southern,MSc Data Science,77.7,2.66,14.0,80.4,Poor,None,2,1
S0181,Lilongwe,Central,MSc Data Science,66.5,3.48,2.2,74.6,Poor,None,0,1
S0182,Rumphi,Northern,MSc Public Health,76.9,2.58,10.3,39.9,Poor,Full-time,3,0
S0183,Blantyre,Southern,MSc Data Science,73.5,3.35,4.7,84.1,Poor,None,2,1
S0184,Dedza,Central,MSc Public Health,61.5,3.37,9.4,58.8,Average,None,1,1
S0185,Salima,Central,MSc Public Health,71.6,2.71,17.6,42.3,Average,Full-time,1,1
S0186,Dedza,Central,MSc ICT,70.1,1.95,4.2,92.0,Good,Part-time,0,1
S0187,Salima,Central,MSc Data Science,50.1,2.66,11.6,78.7,Average,None,4,1
S0188,Lilongwe,Central,MSc ICT,84.0,3.23,8.1,53.0,Poor,None,2,0
S0189,Rumphi,Northern,MSc Public Health,65.7,3.63,8.2,52.7,Poor,None,0,1
S0190,Zomba,Southern,MSc Agronomy,76.7,2.98,5.4,57.8,Good,Part-time,0,1
S0191,Mangochi,Southern,MSc Data Science,82.6,2.87,7.0,62.3,Poor,Part-time,0,1
S0192,Karonga,Northern,MSc Public Health,73.9,2.78,15.7,74.2,Good,Part-time,1,1
S0193,Zomba,Southern,MSc Data Science,83.0,3.72,14.5,59.2,Good,Part-time,0,1
S0194,Dedza,Central,MSc ICT,55.3,2.98,14.4,51.1,Poor,None,5,0
S0195,Thyolo,Southern,MSc ICT,69.1,3.12,16.8,59.2,Average,None,5,1
S0196,Zomba,Southern,MSc ICT,89.9,2.32,7.5,84.3,Average,None,5,1
S0197,Mzuzu,Northern,MSc Data Science,90.8,2.37,10.5,85.3,Average,Full-time,3,1
S0198,Lilongwe,Central,MSc Agronomy,76.1,3.42,7.3,55.9,Average,None,0,1
S0199,Kasungu,Central,MSc Data Science,84.5,3.24,10.1,81.9,Good,Part-time,2,1
S0200,Karonga,Northern,MSc Public Health,83.4,4.16,11.9,78.9,Average,None,2,1
S0201,Zomba,Southern,MSc Public Health,64.7,3.55,12.4,55.8,Good,Full-time,4,1
S0202,Mangochi,Southern,MSc ICT,92.4,3.36,8.0,62.4,Poor,Part-time,1,1
S0203,Kasungu,Central,MSc Data Science,67.7,3.58,6.0,78.0,Average,None,2,1
S0204,Mzuzu,Northern,MSc Agronomy,68.4,3.06,17.0,56.5,Average,Part-time,3,1
S0205,Blantyre,Southern,MSc ICT,60.2,3.11,12.3,67.7,Poor,None,4,1
S0206,Rumphi,Northern,MSc ICT,67.3,3.1,15.1,61.2,Good,Part-time,1,1
S0207,Mangochi,Southern,MSc Data Science,71.7,3.56,12.3,72.2,Average,Part-time,4,1
S0208,Zomba,Southern,MSc Public Health,70.8,2.25,10.5,71.9,Average,Part-time,1,1
S0209,Thyolo,Southern,MSc Public Health,80.1,3.47,8.0,43.4,Good,None,1,1
S0210,Thyolo,Southern,MSc Data Science,90.6,3.62,1.6,55.8,Average,Full-time,1,1
S0211,Salima,Central,MSc Data Science,89.2,3.55,8.8,83.8,Good,Part-time,3,1
S0212,Lilongwe,Central,MSc Public Health,86.9,2.95,6.8,60.7,Average,None,4,1
S0213,Karonga,Northern,MSc Public Health,62.2,3.86,8.4,72.7,Poor,None,4,1
S0214,Kasungu,Central,MSc Data Science,73.3,2.65,13.3,73.2,Good,Part-time,3,1
S0215,Zomba,Southern,MSc ICT,70.6,3.56,13.6,55.0,Average,None,0,1
S0216,Zomba,Southern,MSc Data Science,95.0,3.31,17.3,64.8,Average,None,2,1
S0217,Salima,Central,MSc Data Science,67.6,3.55,12.7,63.8,Average,None,1,1
S0218,Thyolo,Southern,MSc ICT,90.3,1.8,14.0,69.8,Good,Part-time,1,1
S0219,Zomba,Southern,MSc Public Health,91.6,4.22,14.2,92.6,Average,None,3,1
S0220,Karonga,Northern,MSc ICT,76.3,3.24,9.8,74.8,Average,None,3,1
S0221,Mzimba,Northern,MSc Public Health,99.3,3.05,18.9,93.8,Average,Part-time,2,1
S0222,Mangochi,Southern,MSc ICT,69.9,2.42,20.2,66.9,Average,Full-time,0,1
S0223,Rumphi,Northern,MSc Agronomy,84.8,3.44,12.4,64.7,Average,Full-time,5,1
S0224,Mangochi,Southern,MSc Data Science,73.7,2.58,0.2,57.8,Good,Part-time,2,1
S0225,Lilongwe,Central,MSc Public Health,79.3,3.7,15.4,38.9,Average,Part-time,0,1
S0226,Zomba,Southern,MSc Agronomy,84.3,2.26,9.6,65.8,Average,Part-time,1,1
S0227,Blantyre,Southern,MSc ICT,96.0,2.29,14.1,35.9,Average,Part-time,2,1
S0228,Mzuzu,Northern,MSc Data Science,86.4,3.44,9.4,64.1,Average,Full-time,2,1
S0229,Mangochi,Southern,MSc Data Science,89.4,3.0,16.6,78.9,Average,None,2,1
S0230,Thyolo,Southern,MSc Data Science,75.6,3.35,14.8,81.9,Poor,None,0,1
S0231,Karonga,Northern,MSc Data Science,98.7,3.3,3.0,74.2,Average,None,3,1
S0232,Karonga,Northern,MSc Data Science,81.3,3.71,13.3,66.7,Average,Part-time,6,1
S0233,Karonga,Northern,MSc ICT,81.5,2.75,25.7,40.5,Average,Part-time,8,1
S0234,Rumphi,Northern,MSc Data Science,91.6,3.65,9.4,55.5,Poor,None,3,1
S0235,Blantyre,Southern,MSc Public Health,80.3,4.07,13.2,72.0,Good,None,2,1
S0236,Karonga,Northern,MSc Agronomy,100.0,1.85,6.0,67.2,Average,Full-time,5,1
S0237,Karonga,Northern,MSc ICT,72.2,2.78,14.4,64.9,Average,Part-time,4,0
S0238,Thyolo,Southern,MSc Agronomy,59.2,4.02,4.7,78.5,Good,Full-time,0,1
S0239,Mzimba,Northern,MSc Agronomy,84.9,2.58,8.2,90.0,Poor,None,0,1
S0240,Dedza,Central,MSc Data Science,66.7,2.66,4.0,91.9,Good,Part-time,1,1
S0241,Kasungu,Central,MSc Data Science,87.5,3.33,11.7,72.4,Average,None,4,1
S0242,Dedza,Central,MSc Agronomy,73.6,3.46,14.8,68.4,Poor,None,0,1
S0243,Mzimba,Northern,MSc ICT,82.6,3.47,13.5,65.2,Poor,Part-time,3,1
S0244,Mzuzu,Northern,MSc ICT,80.3,2.87,5.6,70.1,Good,Part-time,3,1
S0245,Blantyre,Southern,MSc Agronomy,81.3,2.53,13.0,59.8,Average,None,2,1
S0246,Lilongwe,Central,MSc Public Health,87.6,3.45,13.9,61.9,Good,None,1,1
S0247,Thyolo,Southern,MSc Agronomy,80.6,3.44,10.0,82.7,Poor,None,1,1
S0248,Mzimba,Northern,MSc Data Science,98.8,2.89,5.8,77.0,Good,None,1,1
S0249,Mzimba,Northern,MSc ICT,84.9,3.61,18.7,60.4,Poor,Part-time,1,1
S0250,Lilongwe,Central,MSc Agronomy,85.9,2.79,18.8,74.6,Average,None,3,1
S0251,Salima,Central,MSc Public Health,78.3,2.48,15.8,52.7,Average,Full-time,2,1
S0252,Rumphi,Northern,MSc Data Science,84.4,1.93,17.2,87.8,Poor,Part-time,3,1
S0253,Mangochi,Southern,MSc Agronomy,81.3,4.11,19.5,50.6,Poor,Part-time,0,1
S0254,Mzuzu,Northern,MSc Public Health,72.1,3.27,17.6,56.4,Good,Part-time,5,1
S0255,Karonga,Northern,MSc Agronomy,80.8,2.72,14.3,69.1,Good,None,1,1
S0256,Karonga,Northern,MSc Data Science,78.7,3.66,3.3,76.0,Average,Full-time,4,1
S0257,Thyolo,Southern,MSc ICT,78.2,2.82,14.3,81.9,Average,None,2,1
S0258,Blantyre,Southern,MSc ICT,82.9,3.41,3.7,69.2,Good,Full-time,1,1
S0259,Thyolo,Southern,MSc Data Science,79.9,2.52,14.6,74.4,Good,None,3,1
S0260,Blantyre,Southern,MSc ICT,88.3,4.25,9.6,66.3,Good,Part-time,4,1
S0261,Zomba,Southern,MSc Agronomy,95.0,4.39,11.8,66.0,Average,Part-time,2,1
S0262,Mzuzu,Northern,MSc Data Science,78.0,2.3,2.8,64.7,Poor,None,2,1
S0263,Zomba,Southern,MSc ICT,72.4,2.71,12.7,68.2,Average,Full-time,5,1
S0264,Mzimba,Northern,MSc ICT,71.3,3.25,1.7,64.0,Poor,Full-time,1,1
S0265,Rumphi,Northern,MSc ICT,95.9,3.74,14.1,47.2,Poor,None,2,1
S0266,Kasungu,Central,MSc Public Health,78.7,2.69,20.9,61.0,Good,None,1,1
S0267,Kasungu,Central,MSc Agronomy,64.1,3.21,11.3,44.8,Poor,Full-time,4,1
S0268,Thyolo,Southern,MSc Data Science,85.7,3.88,5.1,85.1,Average,Part-time,1,1
S0269,Mangochi,Southern,MSc Data Science,97.3,3.79,15.4,72.3,Good,None,2,1
S0270,Mzuzu,Northern,MSc Data Science,79.2,3.72,10.6,66.8,Average,Part-time,1,1
S0271,Kasungu,Central,MSc ICT,47.9,3.7,13.8,69.6,Good,Full-time,2,1
S0272,Mzuzu,Northern,MSc Public Health,84.8,3.25,13.8,90.8,Average,None,3,1
S0273,Lilongwe,Central,MSc Public Health,76.7,3.4,8.9,71.7,Poor,None,1,1
S0274,Kasungu,Central,MSc Data Science,68.2,2.66,10.2,79.1,Good,Part-time,2,1
S0275,Lilongwe,Central,MSc ICT,74.9,2.81,10.2,49.6,Poor,Part-time,1,1
S0276,Mzuzu,Northern,MSc ICT,65.8,2.76,8.8,79.8,Average,None,1,1
S0277,Thyolo,Southern,MSc ICT,70.5,3.08,11.0,69.4,Good,None,1,1
S0278,Mzuzu,Northern,MSc Agronomy,71.2,1.8,22.6,93.7,Good,None,2,1
S0279,Blantyre,Southern,MSc ICT,73.0,2.89,13.0,84.2,Average,Part-time,1,1
S0280,Thyolo,Southern,MSc Data Science,53.7,3.35,10.4,68.8,Average,Full-time,1,1
S0281,Mzuzu,Northern,MSc Data Science,90.5,3.45,15.2,73.7,Poor,Full-time,4,1
S0282,Lilongwe,Central,MSc Public Health,69.4,3.84,21.0,60.6,Good,None,4,1
S0283,Kasungu,Central,MSc Data Science,82.0,3.32,11.2,76.9,Average,None,2,1
S0284,Thyolo,Southern,MSc Data Science,79.4,3.69,15.6,61.1,Average,None,2,1
S0285,Rumphi,Northern,MSc Data Science,78.1,2.7,14.9,69.8,Poor,Part-time,1,1
S0286,Mangochi,Southern,MSc Data Science,88.6,3.77,18.2,64.2,Average,None,2,1
S0287,Lilongwe,Central,MSc Data Science,60.9,2.96,19.8,53.2,Good,None,1,1
S0288,Lilongwe,Central,MSc ICT,86.1,2.78,16.4,63.4,Good,Full-time,0,1
S0289,Kasungu,Central,MSc Data Science,75.3,2.59,13.1,56.0,Average,Part-time,6,1
S0290,Rumphi,Northern,MSc Data Science,75.6,3.19,3.0,77.0,Average,None,2,1
S0291,Mangochi,Southern,MSc Public Health,78.8,3.54,11.5,75.9,Good,Part-time,2,1
S0292,Mzuzu,Northern,MSc Public Health,69.1,2.96,8.7,56.1,Good,None,3,1
S0293,Mzimba,Northern,MSc Agronomy,100.0,2.37,11.7,88.4,Poor,Full-time,2,1
S0294,Mzimba,Northern,MSc Agronomy,50.8,2.94,6.6,80.0,Average,Full-time,2,0
S0295,Zomba,Southern,MSc Data Science,85.7,2.82,13.1,77.5,Poor,None,2,1
S0296,Salima,Central,MSc ICT,80.4,3.53,8.0,73.5,Good,None,1,1
S0297,Dedza,Central,MSc Data Science,84.3,3.9,6.3,62.3,Good,None,5,1
S0298,Dedza,Central,MSc Agronomy,77.4,2.76,14.8,54.5,Good,None,3,1
S0299,Thyolo,Southern,MSc Agronomy,60.6,2.41,11.7,65.6,Good,None,3,1
S0300,Zomba,Southern,MSc Public Health,90.9,3.1,19.1,71.4,Average,Full-time,0,1
S0301,Mzimba,Northern,MSc ICT,69.5,4.15,8.6,63.5,Good,Part-time,0,1
S0302,Thyolo,Southern,MSc Data Science,65.2,2.85,17.0,56.6,Poor,None,1,1
S0303,Blantyre,Southern,MSc Data Science,94.5,2.86,15.1,63.7,Poor,None,4,1
S0304,Mzimba,Northern,MSc ICT,97.6,3.93,10.1,86.0,Good,Part-time,0,1
S0305,Mangochi,Southern,MSc ICT,90.2,3.33,15.5,90.7,Good,None,4,1
S0306,Kasungu,Central,MSc Public Health,88.3,2.8,7.3,50.0,Poor,None,2,1
S0307,Rumphi,Northern,MSc ICT,88.0,2.35,11.2,90.0,Poor,Part-time,2,1
S0308,Mzuzu,Northern,MSc Agronomy,100.0,2.63,5.9,73.5,Poor,None,1,1
S0309,Kasungu,Central,MSc ICT,82.5,2.53,18.9,71.4,Good,None,3,1
S0310,Lilongwe,Central,MSc ICT,80.1,2.54,10.0,68.5,Poor,Part-time,1,1
S0311,Dedza,Central,MSc ICT,84.6,3.11,3.6,80.1,Poor,Part-time,2,1
S0312,Zomba,Southern,MSc Agronomy,100.0,3.16,17.7,82.7,Average,None,3,1
S0313,Karonga,Northern,MSc Public Health,78.6,3.51,26.9,81.3,Average,Part-time,5,1
S0314,Mangochi,Southern,MSc ICT,71.3,3.6,2.6,85.3,Average,None,1,1
S0315,Dedza,Central,MSc Data Science,65.8,3.45,9.9,93.3,Average,Part-time,1,1
S0316,Mzimba,Northern,MSc Data Science,74.2,2.98,12.0,89.6,Poor,Part-time,0,1
S0317,Dedza,Central,MSc Agronomy,69.0,3.12,11.8,88.4,Good,None,0,1
S0318,Zomba,Southern,MSc Data Science,65.5,2.16,4.5,66.4,Good,None,2,0
S0319,Salima,Central,MSc Public Health,86.1,2.54,16.4,68.4,Average,None,3,1
S0320,Salima,Central,MSc Data Science,100.0,3.95,15.9,50.4,Average,Part-time,2,1
S0321,Thyolo,Southern,MSc Data Science,78.2,3.01,10.8,58.0,Average,None,3,1
S0322,Zomba,Southern,MSc Public Health,50.6,3.49,11.6,70.5,Good,Part-time,2,1
S0323,Mzuzu,Northern,MSc Data Science,85.6,2.58,12.5,83.7,Average,Full-time,2,1
S0324,Lilongwe,Central,MSc Data Science,81.3,3.15,7.1,74.1,Poor,Part-time,2,1
S0325,Karonga,Northern,MSc Data Science,83.4,2.4,14.4,42.7,Poor,Full-time,2,1
S0326,Kasungu,Central,MSc Data Science,66.1,2.64,17.1,58.7,Average,None,2,1
S0327,Karonga,Northern,MSc ICT,73.3,3.05,13.4,67.9,Good,None,2,1
S0328,Karonga,Northern,MSc Public Health,85.0,3.26,12.5,35.1,Average,None,4,1
S0329,Lilongwe,Central,MSc Data Science,80.5,3.19,16.8,77.5,Average,None,6,1
S0330,Kasungu,Central,MSc Data Science,69.6,2.85,11.6,43.7,Average,None,2,1
S0331,Karonga,Northern,MSc Public Health,99.8,2.77,13.5,95.2,Average,None,4,1
S0332,Mzuzu,Northern,MSc Agronomy,85.8,2.36,12.4,45.4,Good,None,2,1
S0333,Dedza,Central,MSc ICT,88.3,3.4,10.0,89.1,Poor,None,1,1
S0334,Mzimba,Northern,MSc ICT,94.2,3.4,18.6,63.1,Average,None,4,1
S0335,Lilongwe,Central,MSc Public Health,88.2,2.72,22.7,74.1,Average,None,3,1
S0336,Salima,Central,MSc ICT,61.5,2.38,9.7,39.0,Good,Part-time,4,1
S0337,Thyolo,Southern,MSc Data Science,71.8,3.27,5.0,42.6,Good,Full-time,2,1
S0338,Thyolo,Southern,MSc ICT,93.8,3.29,6.8,69.7,Average,None,1,1
S0339,Mzimba,Northern,MSc ICT,76.3,3.17,0.0,75.5,Good,Part-time,0,1
S0340,Salima,Central,MSc Data Science,83.5,2.94,16.1,87.1,Poor,None,6,1
S0341,Salima,Central,MSc Agronomy,54.4,3.12,15.5,75.9,Average,Part-time,3,1
S0342,Mzimba,Northern,MSc Data Science,92.9,2.22,12.7,68.8,Average,None,6,1
S0343,Mzimba,Northern,MSc Data Science,100.0,3.43,6.0,41.5,Average,Part-time,0,1
S0344,Mzimba,Northern,MSc Agronomy,77.0,2.75,13.1,68.2,Poor,None,1,1
S0345,Karonga,Northern,MSc Data Science,69.2,2.95,12.4,63.6,Average,None,0,1
S0346,Blantyre,Southern,MSc ICT,75.9,3.28,15.3,81.5,Poor,Full-time,3,1
S0347,Dedza,Central,MSc Data Science,81.4,3.1,19.0,63.7,Good,Part-time,5,1
S0348,Thyolo,Southern,MSc Data Science,71.5,3.25,7.5,64.2,Poor,Part-time,3,1
S0349,Mangochi,Southern,MSc Public Health,79.0,3.12,11.3,52.4,Average,None,2,1
S0350,Mzuzu,Northern,MSc Data Science,91.8,4.56,12.2,52.3,Good,Part-time,1,1
S0351,Mzimba,Northern,MSc Public Health,61.6,1.96,11.2,45.4,Poor,Part-time,1,0
S0352,Karonga,Northern,MSc ICT,68.1,2.5,11.1,68.3,Poor,None,1,1
S0353,Blantyre,Southern,MSc Public Health,58.7,2.8,9.0,68.6,Average,Part-time,4,1
S0354,Mzuzu,Northern,MSc Public Health,81.9,2.56,8.4,64.6,Poor,None,1,0
S0355,Lilongwe,Central,MSc Data Science,91.5,3.0,10.9,83.6,Good,Full-time,3,1
S0356,Kasungu,Central,MSc Public Health,68.6,2.79,15.3,59.4,Good,None,1,1
S0357,Lilongwe,Central,MSc Agronomy,83.1,2.37,7.6,67.9,Average,Part-time,2,1
S0358,Mangochi,Southern,MSc Public Health,54.9,2.57,6.0,61.7,Average,Part-time,4,1
S0359,Salima,Central,MSc Data Science,83.8,2.2,12.5,77.4,Average,Part-time,2,1
S0360,Lilongwe,Central,MSc Agronomy,85.0,2.72,5.9,78.9,Poor,None,3,1
S0361,Mzimba,Northern,MSc Data Science,63.5,4.07,13.7,65.8,Poor,Part-time,1,1
S0362,Lilongwe,Central,MSc ICT,42.9,2.53,10.9,74.9,Average,Part-time,1,1
S0363,Mangochi,Southern,MSc Public Health,79.5,2.32,20.0,66.8,Good,None,1,1
S0364,Mangochi,Southern,MSc Data Science,71.0,2.66,9.0,58.1,Average,Part-time,1,1
S0365,Rumphi,Northern,MSc Agronomy,72.0,3.57,3.4,80.1,Good,Part-time,0,1
S0366,Blantyre,Southern,MSc Public Health,70.2,3.61,6.3,68.2,Average,None,2,1
S0367,Dedza,Central,MSc Agronomy,95.0,3.16,12.4,53.2,Good,Part-time,2,1
S0368,Karonga,Northern,MSc ICT,84.9,2.83,19.3,47.2,Poor,Part-time,1,1
S0369,Rumphi,Northern,MSc Agronomy,84.5,2.61,10.3,89.1,Good,None,5,1
S0370,Blantyre,Southern,MSc Agronomy,88.6,3.58,7.3,54.2,Good,None,3,1
S0371,Salima,Central,MSc Data Science,64.4,2.31,9.4,71.1,Average,None,3,1
S0372,Mangochi,Southern,MSc Data Science,78.6,2.15,13.2,80.0,Good,Part-time,4,1
S0373,Salima,Central,MSc Data Science,82.5,3.33,13.6,60.5,Poor,Part-time,2,1
S0374,Mangochi,Southern,MSc Data Science,68.8,2.61,6.2,68.6,Average,Part-time,1,1
S0375,Thyolo,Southern,MSc Public Health,82.3,2.3,7.4,56.6,Good,None,1,1
S0376,Blantyre,Southern,MSc Data Science,85.6,3.54,12.2,78.4,Poor,Part-time,4,1
S0377,Rumphi,Northern,MSc ICT,94.4,3.98,14.2,42.9,Good,Part-time,1,1
S0378,Mangochi,Southern,MSc Data Science,84.7,3.23,7.7,65.6,Good,Part-time,0,1
S0379,Blantyre,Southern,MSc Agronomy,84.8,3.3,8.3,68.1,Average,None,1,1
S0380,Dedza,Central,MSc Data Science,80.3,2.45,7.4,57.6,Average,Part-time,1,1
S0381,Mangochi,Southern,MSc Public Health,100.0,2.29,9.5,41.7,Good,None,2,1
S0382,Mzimba,Northern,MSc ICT,82.5,3.45,18.2,54.7,Average,None,2,1
S0383,Thyolo,Southern,MSc Data Science,74.0,2.81,12.1,65.0,Average,Part-time,1,1
S0384,Mzimba,Northern,MSc Data Science,66.2,3.72,18.1,98.0,Average,None,0,1
S0385,Zomba,Southern,MSc ICT,60.0,2.76,20.4,54.3,Poor,None,3,1
S0386,Karonga,Northern,MSc Data Science,83.0,2.77,17.5,63.7,Average,Full-time,1,1
S0387,Salima,Central,MSc ICT,74.2,3.15,14.3,72.5,Good,Full-time,2,1
S0388,Mangochi,Southern,MSc Public Health,77.5,2.84,11.1,41.7,Average,Part-time,2,1
S0389,Karonga,Northern,MSc Public Health,91.5,2.57,6.0,66.5,Good,None,1,1
S0390,Mangochi,Southern,MSc ICT,70.6,3.78,14.8,79.8,Poor,None,5,1
S0391,Salima,Central,MSc Data Science,67.6,2.92,10.2,74.6,Poor,None,0,1
S0392,Mangochi,Southern,MSc Data Science,97.7,3.06,13.0,76.5,Average,Part-time,1,1
S0393,Kasungu,Central,MSc Public Health,80.8,2.78,13.0,78.5,Good,Part-time,4,1
S0394,Lilongwe,Central,MSc ICT,95.5,3.08,15.6,70.9,Average,None,1,1
S0395,Rumphi,Northern,MSc Public Health,97.7,3.38,5.1,55.6,Average,None,0,1
S0396,Thyolo,Southern,MSc ICT,65.3,3.27,12.4,71.1,Good,Full-time,1,1
S0397,Rumphi,Northern,MSc Public Health,76.2,3.4,10.1,83.9,Good,None,4,1
S0398,Kasungu,Central,MSc Agronomy,100.0,3.31,8.4,68.9,Good,None,2,1
S0399,Karonga,Northern,MSc Data Science,100.0,3.36,6.6,96.9,Average,Part-time,0,1
S0400,Dedza,Central,MSc Agronomy,82.9,2.76,9.5,73.7,Good,Part-time,4,1
S0401,Mangochi,Southern,MSc Data Science,100.0,2.33,18.0,59.5,Average,Full-time,1,1
S0402,Lilongwe,Central,MSc ICT,76.0,2.91,17.1,56.0,Average,Part-time,1,1
S0403,Karonga,Northern,MSc Data Science,73.0,3.49,10.0,65.7,Average,Part-time,1,1
S0404,Zomba,Southern,MSc Agronomy,100.0,3.74,8.6,57.0,Good,None,2,1
S0405,Dedza,Central,MSc ICT,71.5,3.1,18.8,52.4,Average,None,3,1
S0406,Salima,Central,MSc Public Health,91.4,3.79,7.8,84.3,Poor,Part-time,3,1
S0407,Lilongwe,Central,MSc Data Science,80.8,2.59,17.8,60.4,Average,Full-time,3,1
S0408,Dedza,Central,MSc ICT,72.5,2.56,5.3,66.8,Average,None,0,1
S0409,Lilongwe,Central,MSc Agronomy,85.0,2.77,11.1,84.0,Average,Full-time,1,1
S0410,Mzimba,Northern,MSc Public Health,69.9,2.42,17.0,58.9,Average,None,4,1
S0411,Mangochi,Southern,MSc Agronomy,80.6,3.06,15.4,53.2,Average,None,6,1
S0412,Blantyre,Southern,MSc ICT,80.1,2.73,10.8,57.5,Poor,Full-time,2,1
S0413,Rumphi,Northern,MSc Agronomy,83.9,2.99,12.5,51.4,Average,Part-time,0,1
S0414,Rumphi,Northern,MSc ICT,73.6,3.06,11.4,69.2,Poor,Part-time,1,1
S0415,Mzimba,Northern,MSc ICT,78.6,3.22,20.0,62.9,Average,None,3,1
S0416,Kasungu,Central,MSc Public Health,65.2,1.97,24.9,90.4,Good,Part-time,6,1
S0417,Mangochi,Southern,MSc ICT,70.7,2.65,7.8,63.4,Poor,Full-time,1,1
S0418,Mzimba,Northern,MSc Public Health,67.4,3.79,18.5,78.6,Average,Part-time,2,1
S0419,Thyolo,Southern,MSc Data Science,91.5,3.12,7.7,66.2,Average,None,2,1
S0420,Salima,Central,MSc ICT,88.4,3.02,17.1,48.7,Poor,Part-time,4,1
S0421,Salima,Central,MSc ICT,93.2,2.8,13.4,68.7,Poor,None,3,1
S0422,Mzimba,Northern,MSc Public Health,71.2,3.02,22.2,56.9,Average,None,2,1
S0423,Dedza,Central,MSc Public Health,73.1,3.56,2.5,56.3,Average,Full-time,1,1
S0424,Blantyre,Southern,MSc Public Health,73.2,2.89,13.2,83.2,Poor,None,1,1
S0425,Lilongwe,Central,MSc Public Health,78.7,3.59,17.6,62.8,Poor,None,1,1
S0426,Karonga,Northern,MSc Data Science,78.7,3.18,12.9,57.2,Average,Part-time,3,1
S0427,Karonga,Northern,MSc Data Science,73.5,4.18,13.3,84.5,Good,None,3,1
S0428,Thyolo,Southern,MSc Data Science,79.9,3.36,8.0,76.4,Poor,None,1,1
S0429,Mangochi,Southern,MSc Agronomy,76.3,2.29,18.5,60.5,Average,None,2,1
S0430,Dedza,Central,MSc Agronomy,61.9,3.68,22.7,68.7,Good,Full-time,1,1
S0431,Kasungu,Central,MSc Data Science,73.6,3.26,15.2,61.0,Average,None,4,1
S0432,Thyolo,Southern,MSc ICT,72.7,3.02,8.1,71.9,Good,Part-time,0,1
S0433,Karonga,Northern,MSc ICT,65.8,2.67,4.9,84.2,Good,Full-time,2,1
S0434,Zomba,Southern,MSc Data Science,88.2,3.87,16.1,74.9,Average,None,5,1
S0435,Rumphi,Northern,MSc Public Health,78.7,3.17,7.4,82.9,Good,None,5,1
S0436,Zomba,Southern,MSc Data Science,71.4,2.33,10.1,59.5,Good,None,2,1
S0437,Mzimba,Northern,MSc ICT,94.7,3.18,15.2,63.3,Average,Full-time,0,1
S0438,Mzimba,Northern,MSc Agronomy,84.6,3.67,10.1,58.3,Average,Part-time,0,1
S0439,Thyolo,Southern,MSc Agronomy,72.4,2.09,12.1,78.7,Average,None,4,1
S0440,Mangochi,Southern,MSc Data Science,81.3,3.06,6.2,64.4,Poor,Part-time,2,1
S0441,Mangochi,Southern,MSc Agronomy,95.5,2.97,13.0,60.9,Average,None,5,1
S0442,Blantyre,Southern,MSc Public Health,86.5,3.14,14.3,69.0,Good,None,4,1
S0443,Mangochi,Southern,MSc Public Health,71.8,4.55,13.3,68.2,Poor,Full-time,2,1
S0444,Lilongwe,Central,MSc Agronomy,57.1,3.29,10.3,74.8,Good,Part-time,1,1
S0445,Rumphi,Northern,MSc ICT,87.5,3.19,11.0,53.6,Average,Part-time,3,1
S0446,Zomba,Southern,MSc Data Science,100.0,3.07,16.6,72.3,Good,Full-time,3,1
S0447,Thyolo,Southern,MSc Data Science,75.6,2.96,13.1,77.2,Good,Part-time,1,1
S0448,Zomba,Southern,MSc Data Science,67.2,2.46,6.6,91.6,Good,None,2,1
S0449,Kasungu,Central,MSc ICT,96.3,3.03,21.5,61.8,Good,Full-time,4,1
S0450,Zomba,Southern,MSc ICT,84.8,2.56,6.7,75.9,Average,None,1,1
S0451,Lilongwe,Central,MSc Public Health,74.3,4.3,2.3,71.2,Good,None,1,1
S0452,Thyolo,Southern,MSc Data Science,76.6,3.45,21.9,88.2,Good,Part-time,1,1
S0453,Thyolo,Southern,MSc ICT,84.4,3.01,11.0,61.9,Good,None,3,1
S0454,Rumphi,Northern,MSc ICT,64.0,2.7,12.5,77.8,Average,Part-time,2,1
S0455,Rumphi,Northern,MSc Public Health,76.1,2.9,8.5,85.4,Average,Full-time,1,1
S0456,Zomba,Southern,MSc ICT,93.8,2.99,15.5,82.1,Average,None,2,1
S0457,Blantyre,Southern,MSc Data Science,86.0,2.76,14.2,64.3,Average,Part-time,1,1
S0458,Mzimba,Northern,MSc Data Science,65.4,2.58,11.8,77.3,Good,None,1,1
S0459,Dedza,Central,MSc Agronomy,88.8,2.09,12.0,94.4,Good,None,0,1
S0460,Blantyre,Southern,MSc Agronomy,67.0,3.54,13.4,44.8,Average,None,2,1
S0461,Karonga,Northern,MSc Agronomy,60.1,3.01,16.0,71.9,Average,None,2,1
S0462,Mzimba,Northern,MSc Data Science,81.7,3.06,10.2,51.0,Average,None,2,1
S0463,Rumphi,Northern,MSc ICT,76.8,2.6,11.8,59.7,Poor,Full-time,2,1
S0464,Salima,Central,MSc Data Science,78.7,3.06,0.2,63.8,Good,Part-time,2,1
S0465,Dedza,Central,MSc Data Science,68.3,2.72,14.8,69.6,Good,None,6,1
S0466,Kasungu,Central,MSc Data Science,80.3,2.77,10.7,55.3,Average,None,2,1
S0467,Kasungu,Central,MSc ICT,81.4,1.8,13.9,47.7,Poor,Part-time,2,0
S0468,Lilongwe,Central,MSc Data Science,80.6,2.0,20.7,80.8,Good,Part-time,2,1
S0469,Blantyre,Southern,MSc ICT,98.5,2.72,12.6,63.0,Good,Part-time,1,1
S0470,Lilongwe,Central,MSc ICT,70.9,2.81,13.4,66.9,Good,None,3,1
S0471,Zomba,Southern,MSc Public Health,72.2,2.81,19.8,77.5,Average,Full-time,4,1
S0472,Kasungu,Central,MSc Data Science,83.0,2.77,12.9,67.4,Average,Part-time,1,1
S0473,Salima,Central,MSc ICT,95.1,2.52,7.5,71.3,Average,None,4,1
S0474,Dedza,Central,MSc ICT,68.7,2.24,19.5,88.2,Average,Part-time,1,1
S0475,Thyolo,Southern,MSc ICT,75.3,2.65,4.2,69.2,Good,Full-time,4,1
S0476,Thyolo,Southern,MSc Public Health,77.2,3.21,10.3,63.3,Average,Part-time,3,1
S0477,Thyolo,Southern,MSc Data Science,77.1,3.87,12.7,50.2,Good,Part-time,0,1
S0478,Mangochi,Southern,MSc ICT,61.0,3.14,22.9,69.0,Average,None,1,1
S0479,Salima,Central,MSc Data Science,73.7,4.62,11.6,28.9,Average,Part-time,3,1
S0480,Dedza,Central,MSc Data Science,79.2,2.58,19.2,66.7,Average,Full-time,1,1
S0481,Zomba,Southern,MSc Public Health,61.5,3.86,13.5,70.4,Good,None,0,1
S0482,Karonga,Northern,MSc Agronomy,87.0,3.79,11.3,63.0,Good,None,3,1
S0483,Rumphi,Northern,MSc ICT,73.6,2.79,16.4,32.9,Good,Part-time,5,0
S0484,Mzuzu,Northern,MSc Data Science,73.4,2.95,10.9,48.6,Poor,Part-time,2,0
S0485,Mzuzu,Northern,MSc Public Health,86.8,4.09,22.2,78.4,Average,Part-time,4,1
S0486,Karonga,Northern,MSc Data Science,77.8,2.75,9.6,57.6,Average,Part-time,3,1
S0487,Thyolo,Southern,MSc Data Science,77.7,3.64,16.5,75.2,Poor,Part-time,3,1
S0488,Mzuzu,Northern,MSc Data Science,73.0,2.96,13.4,38.5,Average,None,3,1
S0489,Zomba,Southern,MSc ICT,61.3,2.94,7.3,71.5,Good,None,4,1
S0490,Mzimba,Northern,MSc Agronomy,60.9,1.8,20.9,82.0,Average,None,0,1
S0491,Blantyre,Southern,MSc ICT,85.1,3.53,17.6,84.5,Poor,None,1,1
S0492,Mzuzu,Northern,MSc Data Science,97.7,2.47,16.1,80.7,Average,Part-time,1,1
S0493,Salima,Central,MSc Agronomy,74.7,2.96,14.5,41.6,Good,None,2,1
S0494,Salima,Central,MSc Data Science,86.2,3.5,16.1,43.0,Average,None,1,1
S0495,Zomba,Southern,MSc Data Science,63.5,3.69,9.4,98.0,Average,Full-time,2,1
S0496,Thyolo,Southern,MSc Agronomy,96.8,1.8,6.3,79.2,Good,None,4,1
S0497,Mzimba,Northern,MSc Public Health,88.1,2.86,14.8,98.0,Average,None,2,1
S0498,Karonga,Northern,MSc ICT,96.9,3.5,7.8,64.7,Poor,None,1,1
S0499,Zomba,Southern,MSc Data Science,73.3,2.39,1.5,68.8,Good,Full-time,1,1
S0500,Salima,Central,MSc Agronomy,76.3,3.12,12.6,66.2,Poor,None,2,1
S0501,Rumphi,Northern,MSc Data Science,90.9,3.75,17.2,72.3,Average,Part-time,3,1
S0502,Mzuzu,Northern,MSc Agronomy,88.2,3.41,9.8,68.7,Good,None,1,1
S0503,Dedza,Central,MSc Data Science,98.2,2.57,11.2,68.6,Good,Full-time,3,1
S0504,Mzimba,Northern,MSc Data Science,58.0,3.37,8.1,63.2,Poor,None,3,1
S0505,Karonga,Northern,MSc ICT,55.3,4.06,9.1,79.2,Average,Part-time,2,1
S0506,Mzuzu,Northern,MSc ICT,81.3,2.68,16.8,93.5,Average,Part-time,4,1
S0507,Mangochi,Southern,MSc ICT,84.9,3.61,11.2,64.0,Average,Full-time,4,1
S0508,Mzimba,Northern,MSc Public Health,77.9,2.38,15.4,63.2,Good,None,2,1
S0509,Mzuzu,Northern,MSc ICT,54.6,3.52,0.0,72.8,Average,Part-time,2,1
S0510,Mzuzu,Northern,MSc Data Science,84.5,2.03,13.1,75.8,Poor,Part-time,1,1
S0511,Salima,Central,MSc ICT,65.6,2.43,9.1,75.8,Poor,None,3,1
S0512,Blantyre,Southern,MSc Data Science,67.8,1.99,6.8,96.1,Good,None,3,1
S0513,Dedza,Central,MSc Public Health,89.6,3.39,6.4,76.3,Poor,None,4,1
S0514,Zomba,Southern,MSc Public Health,82.8,3.42,10.2,48.5,Poor,None,5,1
S0515,Lilongwe,Central,MSc Agronomy,87.0,3.09,18.4,67.8,Average,Part-time,2,1
S0516,Zomba,Southern,MSc Agronomy,81.5,2.25,10.6,89.5,Average,Full-time,2,1
S0517,Dedza,Central,MSc Data Science,56.1,3.83,2.7,66.0,Good,Full-time,2,1
S0518,Lilongwe,Central,MSc Public Health,76.0,2.46,17.0,75.6,Good,None,0,1
S0519,Lilongwe,Central,MSc Agronomy,77.2,3.4,11.9,78.2,Average,Part-time,2,1
S0520,Mzuzu,Northern,MSc Public Health,72.1,3.2,12.6,49.0,Average,None,2,1
S0521,Rumphi,Northern,MSc Public Health,75.3,3.08,13.2,75.5,Average,Full-time,0,1
S0522,Zomba,Southern,MSc ICT,61.9,3.16,7.3,40.6,Average,None,1,1
S0523,Mzuzu,Northern,MSc Data Science,49.7,4.05,4.0,49.6,Poor,None,1,1
S0524,Dedza,Central,MSc Data Science,84.4,2.49,21.2,64.9,Average,None,1,1
S0525,Zomba,Southern,MSc Public Health,92.1,3.69,11.0,87.6,Poor,None,4,1
S0526,Thyolo,Southern,MSc Data Science,65.6,2.44,14.6,77.5,Good,None,0,1
S0527,Dedza,Central,MSc Public Health,86.0,3.13,16.4,50.4,Average,Part-time,2,1
S0528,Salima,Central,MSc Data Science,73.5,2.6,11.5,58.5,Good,None,0,1
S0529,Thyolo,Southern,MSc Agronomy,72.5,2.33,0.2,66.9,Good,None,3,1
S0530,Blantyre,Southern,MSc ICT,75.8,3.37,6.8,39.4,Poor,Full-time,3,0
S0531,Karonga,Northern,MSc Data Science,71.2,2.49,18.6,71.8,Good,Part-time,3,1
S0532,Rumphi,Northern,MSc Data Science,61.0,2.54,11.7,59.5,Average,None,2,1
S0533,Kasungu,Central,MSc Data Science,65.8,3.95,15.4,56.1,Average,None,1,1
S0534,Lilongwe,Central,MSc Data Science,74.2,2.77,13.2,89.4,Good,None,1,1
S0535,Karonga,Northern,MSc Agronomy,77.5,2.44,7.6,82.2,Poor,None,0,1
S0536,Salima,Central,MSc Data Science,89.1,3.43,7.1,58.0,Poor,Part-time,1,1
S0537,Dedza,Central,MSc Data Science,76.9,2.08,10.2,74.0,Good,None,2,1
S0538,Thyolo,Southern,MSc Agronomy,58.9,2.31,22.9,58.6,Average,None,3,1
S0539,Lilongwe,Central,MSc Data Science,59.7,2.67,16.4,63.0,Average,Full-time,3,1
S0540,Zomba,Southern,MSc Data Science,49.9,4.06,18.0,78.5,Poor,Part-time,3,1
S0541,Mzuzu,Northern,MSc Public Health,79.9,3.24,15.7,64.4,Good,Full-time,4,1
S0542,Mzuzu,Northern,MSc Agronomy,64.1,2.02,13.4,80.8,Good,None,0,1
S0543,Zomba,Southern,MSc ICT,95.5,1.99,18.3,58.4,Average,Full-time,3,1
S0544,Mzimba,Northern,MSc Agronomy,60.7,2.93,10.2,39.8,Poor,Part-time,1,1
S0545,Zomba,Southern,MSc ICT,70.0,2.8,12.2,77.5,Good,None,2,1
S0546,Zomba,Southern,MSc Data Science,100.0,3.58,13.0,56.4,Average,None,4,1
S0547,Zomba,Southern,MSc ICT,79.9,3.8,16.5,70.4,Average,Part-time,2,1
S0548,Mangochi,Southern,MSc ICT,63.2,3.21,8.2,76.0,Average,Part-time,3,1
S0549,Mangochi,Southern,MSc Data Science,95.2,3.56,14.7,81.2,Good,None,3,1
S0550,Mangochi,Southern,MSc Public Health,77.6,3.76,12.3,63.0,Average,Part-time,4,1
S0551,Kasungu,Central,MSc ICT,72.3,3.1,6.6,60.1,Poor,None,3,1
S0552,Blantyre,Southern,MSc Data Science,84.2,2.85,3.4,59.6,Poor,None,1,1
S0553,Karonga,Northern,MSc Data Science,64.3,1.94,13.9,95.2,Poor,None,1,1
S0554,Thyolo,Southern,MSc Data Science,59.5,2.86,13.1,74.4,Poor,Part-time,5,1
S0555,Kasungu,Central,MSc ICT,83.5,2.55,7.5,87.6,Average,Full-time,1,1
S0556,Mzimba,Northern,MSc ICT,100.0,4.05,15.3,58.7,Good,Part-time,1,1
S0557,Karonga,Northern,MSc ICT,83.4,2.82,22.3,52.4,Average,None,1,1
S0558,Rumphi,Northern,MSc Data Science,86.9,2.12,12.3,53.9,Average,Part-time,1,1
S0559,Thyolo,Southern,MSc Public Health,76.0,3.37,10.5,57.4,Average,Full-time,2,1
S0560,Kasungu,Central,MSc Agronomy,84.9,1.82,22.0,88.6,Good,Full-time,4,1
S0561,Mangochi,Southern,MSc Agronomy,89.3,2.69,10.6,52.9,Average,Part-time,2,1
S0562,Mangochi,Southern,MSc Data Science,75.6,3.82,15.0,69.1,Average,None,3,1
S0563,Karonga,Northern,MSc ICT,92.1,2.23,16.6,54.4,Good,Full-time,6,1
S0564,Lilongwe,Central,MSc ICT,78.9,3.22,1.5,49.7,Average,None,1,1
S0565,Salima,Central,MSc ICT,69.8,2.82,13.4,64.0,Average,None,3,1
S0566,Zomba,Southern,MSc Data Science,91.3,3.27,8.0,63.8,Average,None,4,1
S0567,Thyolo,Southern,MSc Data Science,93.1,2.75,10.4,50.9,Good,None,3,1
S0568,Zomba,Southern,MSc Data Science,57.6,3.25,15.9,86.3,Good,None,3,1
S0569,Mangochi,Southern,MSc Agronomy,68.4,3.56,10.0,56.8,Good,None,0,1
S0570,Salima,Central,MSc ICT,71.2,3.39,13.5,63.5,Average,None,4,1
S0571,Mzuzu,Northern,MSc ICT,80.2,2.29,9.3,59.3,Average,None,3,1
S0572,Salima,Central,MSc Public Health,90.0,2.65,13.6,86.0,Average,Part-time,6,1
S0573,Karonga,Northern,MSc Agronomy,67.7,3.22,13.7,57.5,Poor,None,3,1
S0574,Karonga,Northern,MSc Public Health,59.0,2.55,2.0,73.0,Good,None,1,1
S0575,Mzimba,Northern,MSc ICT,85.0,3.21,10.7,68.6,Average,None,2,1
S0576,Mangochi,Southern,MSc Public Health,72.9,2.85,11.0,74.8,Average,None,2,1
S0577,Mzuzu,Northern,MSc Agronomy,76.2,2.57,7.2,79.8,Poor,None,3,1
S0578,Mzuzu,Northern,MSc Data Science,68.0,2.68,9.9,59.5,Good,Full-time,4,1
S0579,Zomba,Southern,MSc Public Health,90.4,3.06,15.8,57.6,Good,Full-time,5,1
S0580,Lilongwe,Central,MSc Data Science,66.7,3.09,17.7,75.4,Poor,Part-time,1,1
S0581,Thyolo,Southern,MSc Data Science,87.5,2.91,5.3,79.9,Average,None,0,1
S0582,Zomba,Southern,MSc Public Health,91.5,3.1,11.7,63.7,Poor,None,1,1
S0583,Mangochi,Southern,MSc ICT,60.1,1.99,10.0,63.0,Good,Full-time,1,1
S0584,Zomba,Southern,MSc Agronomy,82.3,2.68,6.4,62.2,Poor,Part-time,3,1
S0585,Thyolo,Southern,MSc Public Health,84.6,2.11,26.7,88.7,Poor,None,4,0
S0586,Kasungu,Central,MSc Agronomy,68.2,3.58,4.1,65.4,Average,Full-time,3,1
S0587,Zomba,Southern,MSc Agronomy,65.8,1.94,16.1,76.6,Average,Part-time,2,1
S0588,Thyolo,Southern,MSc Public Health,76.3,3.12,7.6,69.5,Average,Part-time,6,1
S0589,Kasungu,Central,MSc Public Health,91.9,3.39,7.5,77.6,Average,Full-time,4,1
S0590,Lilongwe,Central,MSc Public Health,78.7,2.58,10.0,74.3,Poor,None,1,0
S0591,Salima,Central,MSc Data Science,89.1,2.75,8.5,85.1,Poor,None,4,1
S0592,Zomba,Southern,MSc Data Science,71.6,3.96,4.0,96.6,Good,Full-time,4,1
S0593,Dedza,Central,MSc Data Science,61.3,2.97,20.6,74.9,Average,Part-time,1,1
S0594,Thyolo,Southern,MSc Agronomy,77.7,2.32,17.3,94.6,Poor,None,2,1
S0595,Lilongwe,Central,MSc Data Science,79.0,2.3,4.7,62.9,Good,Part-time,3,1
S0596,Blantyre,Southern,MSc Agronomy,72.4,3.39,6.3,65.3,Good,None,3,1
S0597,Dedza,Central,MSc Public Health,72.3,4.03,5.6,66.4,Average,None,4,1
S0598,Salima,Central,MSc Public Health,71.9,3.22,7.7,55.4,Poor,Full-time,1,1
S0599,Thyolo,Southern,MSc Agronomy,73.4,3.62,8.4,68.6,Poor,None,4,1
S0600,Mzimba,Northern,MSc ICT,71.0,3.05,10.1,62.7,Poor,None,2,1
S0601,Lilongwe,Central,MSc Public Health,84.3,2.5,6.4,69.8,Average,None,2,1
S0602,Zomba,Southern,MSc Data Science,73.3,2.71,3.8,72.3,Good,None,5,1
S0603,Salima,Central,MSc ICT,91.8,2.69,13.4,65.7,Poor,None,2,1
S0604,Mzuzu,Northern,MSc Agronomy,81.0,4.17,11.5,56.7,Poor,None,5,1
S0605,Lilongwe,Central,MSc ICT,76.2,3.12,7.5,57.7,Average,None,4,1
S0606,Zomba,Southern,MSc ICT,79.0,2.19,6.4,64.6,Average,None,4,1
S0607,Mzuzu,Northern,MSc Public Health,64.2,2.89,14.1,49.9,Average,None,5,1
S0608,Blantyre,Southern,MSc Public Health,73.8,2.21,10.0,69.0,Average,None,3,1
S0609,Dedza,Central,MSc Agronomy,81.3,2.76,9.4,32.2,Good,Full-time,2,1
S0610,Mzimba,Northern,MSc Agronomy,57.2,2.27,6.2,60.4,Average,Full-time,1,1
S0611,Mzimba,Northern,MSc Data Science,80.4,2.99,10.0,87.4,Average,None,1,1
S0612,Rumphi,Northern,MSc Public Health,64.8,3.78,18.9,77.9,Average,Part-time,3,1
S0613,Rumphi,Northern,MSc Agronomy,65.3,2.86,0.9,85.4,Good,Full-time,1,1
S0614,Thyolo,Southern,MSc ICT,100.0,3.4,18.6,78.0,Good,None,2,1
S0615,Zomba,Southern,MSc Data Science,82.4,3.22,17.7,51.4,Average,Part-time,2,1
S0616,Kasungu,Central,MSc Public Health,56.4,2.26,9.1,50.7,Good,None,3,1
S0617,Blantyre,Southern,MSc Public Health,81.4,3.56,14.4,67.9,Average,Full-time,2,1
S0618,Mzimba,Northern,MSc Public Health,93.5,3.35,13.5,70.9,Poor,Full-time,2,1
S0619,Blantyre,Southern,MSc Data Science,71.5,2.34,17.9,85.7,Average,Part-time,3,1
S0620,Kasungu,Central,MSc Public Health,65.7,3.44,7.3,56.9,Good,None,3,1
S0621,Salima,Central,MSc Data Science,86.2,3.06,3.8,87.1,Poor,Part-time,3,1
S0622,Thyolo,Southern,MSc Data Science,70.8,2.94,13.7,80.2,Good,Part-time,0,1
S0623,Mzuzu,Northern,MSc Data Science,79.1,2.92,17.0,75.4,Average,None,5,1
S0624,Blantyre,Southern,MSc ICT,69.1,3.13,3.5,81.4,Average,Part-time,1,1
S0625,Karonga,Northern,MSc ICT,99.4,2.82,12.3,81.0,Average,Part-time,2,1
S0626,Dedza,Central,MSc Agronomy,90.1,3.52,8.2,58.9,Good,Part-time,6,1
S0627,Mzimba,Northern,MSc ICT,69.6,3.25,9.4,82.6,Poor,Part-time,1,1
S0628,Mzuzu,Northern,MSc Agronomy,67.9,2.71,7.5,77.0,Average,Full-time,3,1
S0629,Mzimba,Northern,MSc Agronomy,74.8,3.19,19.9,82.7,Good,Full-time,2,1
S0630,Mangochi,Southern,MSc Public Health,97.9,3.42,19.2,60.2,Good,Full-time,1,1
S0631,Kasungu,Central,MSc Data Science,68.9,2.51,0.0,73.8,Poor,None,3,1
S0632,Mangochi,Southern,MSc Agronomy,59.0,3.03,5.7,91.0,Good,Full-time,4,1
S0633,Kasungu,Central,MSc Agronomy,76.9,3.29,3.4,71.6,Poor,Part-time,2,1
S0634,Karonga,Northern,MSc Data Science,68.5,3.3,11.2,73.5,Poor,None,1,1
S0635,Karonga,Northern,MSc Data Science,78.3,3.09,4.5,65.0,Good,Full-time,3,1
S0636,Salima,Central,MSc Public Health,88.0,2.54,8.5,74.6,Good,Part-time,1,1
S0637,Mzuzu,Northern,MSc Public Health,80.4,2.74,25.7,64.3,Average,None,2,1
S0638,Kasungu,Central,MSc Data Science,83.8,2.94,13.0,84.4,Good,None,1,1
S0639,Thyolo,Southern,MSc Data Science,78.9,4.39,10.1,78.2,Good,None,1,1
S0640,Kasungu,Central,MSc ICT,83.4,3.38,18.7,66.4,Good,Part-time,3,1
S0641,Dedza,Central,MSc ICT,83.2,1.8,20.4,75.0,Average,None,2,1
S0642,Blantyre,Southern,MSc ICT,61.0,3.92,10.4,65.6,Average,None,1,1
S0643,Thyolo,Southern,MSc Agronomy,84.3,3.12,17.6,77.0,Average,None,1,1
S0644,Dedza,Central,MSc Data Science,86.7,3.25,9.2,58.6,Average,None,2,1
S0645,Mzuzu,Northern,MSc Agronomy,75.8,3.2,3.9,47.3,Good,Full-time,2,1
S0646,Salima,Central,MSc Data Science,80.6,3.2,16.7,68.4,Average,None,2,1
S0647,Dedza,Central,MSc Data Science,66.5,2.23,16.3,58.2,Good,Part-time,3,0
S0648,Mzuzu,Northern,MSc Data Science,81.4,2.87,9.4,55.9,Good,Full-time,2,1
S0649,Mzimba,Northern,MSc Data Science,85.9,3.61,13.6,75.3,Good,Full-time,3,1
S0650,Zomba,Southern,MSc Data Science,99.3,2.11,1.2,53.0,Average,Part-time,1,1
S0651,Dedza,Central,MSc Public Health,59.6,1.8,14.5,58.3,Average,Full-time,1,0
S0652,Rumphi,Northern,MSc Public Health,89.4,2.5,5.3,49.0,Good,Part-time,2,1
S0653,Blantyre,Southern,MSc Public Health,71.0,3.24,8.0,64.7,Average,Part-time,1,1
S0654,Mangochi,Southern,MSc Data Science,68.5,2.7,7.0,60.7,Average,None,2,1
S0655,Dedza,Central,MSc Public Health,79.3,3.85,13.7,64.5,Average,Part-time,1,1
S0656,Thyolo,Southern,MSc Data Science,74.3,3.08,12.2,53.0,Good,None,2,1
S0657,Mzimba,Northern,MSc Data Science,66.0,1.8,15.8,33.6,Good,Part-time,2,0
S0658,Karonga,Northern,MSc Data Science,66.8,2.14,12.7,88.5,Poor,None,0,0
S0659,Lilongwe,Central,MSc Data Science,67.3,3.62,10.3,75.6,Average,Part-time,2,1
S0660,Zomba,Southern,MSc ICT,97.3,3.32,18.2,60.0,Good,None,4,1
S0661,Thyolo,Southern,MSc Public Health,89.2,2.96,7.4,55.4,Average,None,1,1
S0662,Mangochi,Southern,MSc ICT,58.0,2.61,5.0,53.2,Good,None,0,1
S0663,Dedza,Central,MSc Data Science,72.5,3.55,1.4,62.0,Good,None,4,1
S0664,Blantyre,Southern,MSc Public Health,76.0,3.19,12.9,77.2,Average,Part-time,1,1
S0665,Dedza,Central,MSc Data Science,77.9,3.03,10.7,36.3,Poor,Full-time,2,1
S0666,Mzimba,Northern,MSc Public Health,93.3,1.8,11.9,72.6,Good,Part-time,3,1
S0667,Mzimba,Northern,MSc Data Science,73.6,1.84,8.9,73.1,Average,None,3,1
S0668,Lilongwe,Central,MSc Data Science,74.9,2.42,15.0,63.9,Good,Full-time,3,1
S0669,Mangochi,Southern,MSc Data Science,72.0,2.95,6.8,52.5,Average,Part-time,3,1
S0670,Mzimba,Northern,MSc ICT,89.3,2.54,11.5,55.2,Poor,Part-time,1,0
S0671,Mangochi,Southern,MSc Public Health,86.6,4.31,4.0,73.1,Poor,Part-time,2,1
S0672,Karonga,Northern,MSc Agronomy,85.9,2.43,14.1,43.4,Average,Part-time,3,1
S0673,Kasungu,Central,MSc Data Science,58.5,2.93,5.3,89.4,Poor,None,2,1
S0674,Rumphi,Northern,MSc Public Health,74.3,2.53,14.4,95.5,Average,None,3,1
S0675,Rumphi,Northern,MSc Public Health,72.7,2.11,15.1,73.1,Average,None,1,1
S0676,Dedza,Central,MSc Data Science,89.0,2.91,0.0,82.3,Good,Full-time,1,1
S0677,Rumphi,Northern,MSc ICT,73.6,2.93,14.9,82.8,Average,Part-time,0,1
S0678,Karonga,Northern,MSc ICT,86.0,2.67,14.2,75.2,Average,None,1,1
S0679,Mzimba,Northern,MSc Agronomy,85.8,3.05,18.2,50.7,Average,Full-time,4,1
S0680,Blantyre,Southern,MSc Agronomy,68.5,2.85,18.9,59.6,Poor,None,1,1
S0681,Salima,Central,MSc Agronomy,70.1,3.98,15.5,44.9,Good,None,3,1
S0682,Salima,Central,MSc Public Health,86.3,2.89,19.0,72.2,Average,None,2,1
S0683,Salima,Central,MSc Public Health,69.2,1.88,18.5,40.2,Average,None,1,0
S0684,Mzimba,Northern,MSc Public Health,48.7,3.98,18.6,80.0,Poor,None,0,1
S0685,Kasungu,Central,MSc Public Health,75.5,3.17,3.6,58.8,Poor,Part-time,2,1
S0686,Mangochi,Southern,MSc Agronomy,83.9,3.1,7.0,69.0,Poor,None,3,1
S0687,Karonga,Northern,MSc Public Health,91.6,2.94,20.6,77.8,Average,Part-time,2,1
S0688,Blantyre,Southern,MSc ICT,89.8,3.67,19.5,54.6,Average,None,4,1
S0689,Mzuzu,Northern,MSc Public Health,76.6,3.54,13.7,70.5,Good,Part-time,5,1
S0690,Mzimba,Northern,MSc Agronomy,67.8,3.38,17.3,67.2,Poor,None,3,1
S0691,Mzimba,Northern,MSc Data Science,69.6,2.79,18.1,79.0,Poor,Part-time,1,1
S0692,Salima,Central,MSc ICT,71.9,3.06,16.4,77.3,Good,None,4,1
S0693,Thyolo,Southern,MSc Data Science,94.6,2.71,10.7,88.2,Average,None,1,1
S0694,Dedza,Central,MSc Data Science,69.7,2.3,5.6,75.6,Average,None,2,1
S0695,Mzuzu,Northern,MSc ICT,100.0,2.56,15.6,75.6,Good,Part-time,1,1
S0696,Rumphi,Northern,MSc Agronomy,82.1,2.63,3.6,82.7,Good,None,4,1
S0697,Karonga,Northern,MSc ICT,85.1,2.22,15.1,98.0,Good,None,0,1
S0698,Mangochi,Southern,MSc ICT,65.6,3.27,12.9,82.5,Good,None,0,1
S0699,Mzimba,Northern,MSc Agronomy,85.6,2.35,16.6,73.4,Poor,Part-time,1,1
S0700,Dedza,Central,MSc ICT,77.9,4.19,9.6,84.2,Poor,None,5,1
S0701,Karonga,Northern,MSc Data Science,76.4,3.31,10.5,67.1,Average,None,2,1
S0702,Mangochi,Southern,MSc Agronomy,80.2,2.78,10.5,78.2,Average,None,3,1
S0703,Kasungu,Central,MSc Data Science,75.1,3.79,12.9,73.3,Good,Part-time,0,1
S0704,Mzuzu,Northern,MSc Public Health,71.3,3.28,6.0,58.2,Average,None,1,1
S0705,Mzuzu,Northern,MSc Data Science,93.5,3.39,15.6,98.0,Average,Part-time,2,1
S0706,Blantyre,Southern,MSc ICT,85.2,3.83,19.1,44.0,Average,Full-time,2,1
S0707,Mangochi,Southern,MSc Data Science,100.0,3.15,7.0,89.9,Good,None,2,1
S0708,Blantyre,Southern,MSc Data Science,79.0,2.36,11.6,59.8,Good,None,2,1
S0709,Thyolo,Southern,MSc Data Science,86.9,2.9,9.0,98.0,Average,None,3,1
S0710,Lilongwe,Central,MSc Data Science,77.7,2.94,6.3,56.3,Average,None,1,1
S0711,Dedza,Central,MSc ICT,80.7,3.36,6.4,80.9,Average,Part-time,5,1
S0712,Mzuzu,Northern,MSc ICT,61.1,3.64,6.2,48.3,Average,Full-time,2,1
S0713,Dedza,Central,MSc Data Science,54.1,3.79,10.0,79.9,Poor,None,4,1
S0714,Kasungu,Central,MSc Public Health,83.3,4.09,9.9,76.2,Good,None,1,1
S0715,Mangochi,Southern,MSc Public Health,93.5,3.43,16.7,72.3,Good,None,2,1
S0716,Lilongwe,Central,MSc Public Health,91.6,3.36,8.3,93.5,Average,None,0,1
S0717,Zomba,Southern,MSc Agronomy,95.2,2.69,15.6,82.8,Poor,Part-time,4,1
S0718,Blantyre,Southern,MSc Agronomy,75.9,2.88,7.5,66.9,Poor,Part-time,1,1
S0719,Zomba,Southern,MSc Public Health,68.0,3.97,11.0,60.8,Average,Full-time,3,1
S0720,Salima,Central,MSc Data Science,85.2,2.51,7.0,55.7,Average,Full-time,6,0
S0721,Mangochi,Southern,MSc ICT,89.6,4.09,11.7,78.1,Poor,Part-time,3,1
S0722,Mzuzu,Northern,MSc ICT,78.9,3.41,14.9,66.2,Good,Full-time,3,1
S0723,Salima,Central,MSc Public Health,97.2,3.31,21.7,83.0,Average,Full-time,3,1
S0724,Karonga,Northern,MSc Data Science,88.7,3.89,12.8,58.9,Poor,Part-time,2,1
S0725,Mzimba,Northern,MSc Agronomy,77.3,2.32,13.3,43.5,Average,None,2,1
S0726,Kasungu,Central,MSc ICT,90.1,2.33,14.7,71.3,Average,None,1,1
S0727,Kasungu,Central,MSc Data Science,72.8,3.2,0.6,67.1,Good,Full-time,1,1
S0728,Karonga,Northern,MSc Data Science,60.0,1.8,15.5,90.2,Average,Part-time,3,1
S0729,Kasungu,Central,MSc Data Science,75.5,2.51,7.9,54.2,Poor,Full-time,0,1
S0730,Mangochi,Southern,MSc Public Health,52.8,2.33,5.1,61.2,Average,None,1,1
S0731,Mangochi,Southern,MSc ICT,95.2,2.84,4.2,53.3,Average,Full-time,4,1
S0732,Mzuzu,Northern,MSc Data Science,76.5,3.09,8.6,82.3,Poor,None,1,1
S0733,Thyolo,Southern,MSc ICT,78.3,3.54,15.8,46.9,Poor,Full-time,5,1
S0734,Thyolo,Southern,MSc Data Science,71.8,2.65,11.6,45.5,Poor,None,4,1
S0735,Blantyre,Southern,MSc Agronomy,79.9,3.17,10.2,72.9,Good,Part-time,2,1
S0736,Salima,Central,MSc Agronomy,59.1,2.99,0.8,89.6,Average,Part-time,3,1
S0737,Blantyre,Southern,MSc ICT,78.6,3.49,16.0,71.2,Average,Full-time,3,1
S0738,Thyolo,Southern,MSc ICT,77.9,2.93,13.8,60.8,Poor,Part-time,6,1
S0739,Lilongwe,Central,MSc Data Science,80.1,3.72,9.4,76.3,Poor,Part-time,2,1
S0740,Salima,Central,MSc ICT,67.0,2.66,9.9,69.8,Average,Part-time,3,1
S0741,Dedza,Central,MSc Public Health,89.3,3.18,10.9,72.8,Average,None,2,1
S0742,Blantyre,Southern,MSc ICT,66.8,2.48,4.4,76.4,Average,None,1,1
S0743,Dedza,Central,MSc Public Health,100.0,2.03,10.9,72.6,Average,None,2,1
S0744,Mzuzu,Northern,MSc Agronomy,88.4,3.09,12.5,69.2,Average,None,0,1
S0745,Dedza,Central,MSc Agronomy,77.0,3.04,15.3,66.1,Good,None,2,1
S0746,Blantyre,Southern,MSc Data Science,59.1,3.47,14.9,66.9,Average,Part-time,1,1
S0747,Thyolo,Southern,MSc ICT,83.2,3.09,19.3,75.1,Average,Part-time,2,1
S0748,Salima,Central,MSc Public Health,79.1,2.9,7.2,76.0,Average,None,1,1
S0749,Mzimba,Northern,MSc Data Science,77.9,3.19,15.6,46.6,Good,Part-time,2,1
S0750,Karonga,Northern,MSc Agronomy,82.5,2.41,19.0,57.7,Average,Part-time,4,1
S0751,Mangochi,Southern,MSc Agronomy,82.7,3.28,8.6,60.4,Average,Part-time,1,1
S0752,Mangochi,Southern,MSc ICT,65.7,2.84,8.0,57.8,Average,Full-time,4,1
S0753,Mzimba,Northern,MSc Data Science,78.6,3.03,5.8,49.1,Average,Part-time,1,1
S0754,Mzimba,Northern,MSc Agronomy,88.9,2.85,8.1,63.9,Average,Part-time,2,1
S0755,Mangochi,Southern,MSc ICT,93.1,3.39,13.2,92.9,Poor,None,2,1
S0756,Mzimba,Northern,MSc ICT,69.2,2.55,13.0,52.3,Good,Full-time,3,1
S0757,Zomba,Southern,MSc Data Science,69.6,2.96,8.7,58.2,Poor,Part-time,3,1
S0758,Rumphi,Northern,MSc Public Health,76.2,2.82,17.0,70.7,Good,None,2,1
S0759,Mzimba,Northern,MSc Public Health,80.1,3.44,22.4,80.0,Average,None,0,1
S0760,Dedza,Central,MSc Data Science,63.0,3.83,15.9,73.9,Good,None,1,1
S0761,Blantyre,Southern,MSc Data Science,73.9,2.67,14.3,68.9,Good,None,2,1
S0762,Mzimba,Northern,MSc ICT,73.2,2.8,12.7,62.7,Average,None,3,1
S0763,Dedza,Central,MSc Data Science,68.3,2.99,12.7,65.9,Good,None,2,1
S0764,Dedza,Central,MSc ICT,93.4,3.33,16.1,60.7,Good,Full-time,1,1
S0765,Mzimba,Northern,MSc Data Science,73.9,3.39,14.5,84.3,Good,Full-time,2,1
S0766,Rumphi,Northern,MSc Data Science,86.3,3.94,6.0,72.8,Good,None,1,1
S0767,Salima,Central,MSc Data Science,82.7,3.85,0.0,93.8,Good,None,3,1
S0768,Kasungu,Central,MSc Agronomy,85.9,3.04,9.2,75.4,Good,None,2,1
S0769,Rumphi,Northern,MSc Data Science,77.3,2.57,14.8,79.5,Average,Full-time,2,1
S0770,Dedza,Central,MSc Data Science,66.0,3.97,11.2,71.0,Average,None,0,1
S0771,Mzimba,Northern,MSc Data Science,64.0,3.01,4.4,79.8,Good,Part-time,2,1
S0772,Dedza,Central,MSc ICT,79.3,2.41,17.9,67.9,Average,None,3,1
S0773,Salima,Central,MSc Public Health,73.2,2.65,10.5,58.2,Good,Part-time,1,1
S0774,Salima,Central,MSc Data Science,60.8,3.53,10.0,47.5,Poor,Part-time,1,1
S0775,Kasungu,Central,MSc ICT,78.5,3.29,21.6,55.5,Average,None,5,1
S0776,Rumphi,Northern,MSc Agronomy,56.4,3.48,14.0,78.2,Average,Full-time,2,1
S0777,Kasungu,Central,MSc Agronomy,80.8,2.94,22.8,64.9,Average,Part-time,3,1
S0778,Kasungu,Central,MSc Public Health,76.6,2.58,13.2,47.7,Poor,Part-time,0,1
S0779,Blantyre,Southern,MSc Public Health,88.9,2.67,8.4,61.0,Average,Part-time,5,1
S0780,Kasungu,Central,MSc Agronomy,55.9,3.29,10.9,58.8,Average,Full-time,2,1
S0781,Thyolo,Southern,MSc ICT,67.1,3.39,0.0,51.7,Average,Full-time,1,0
S0782,Mzuzu,Northern,MSc Agronomy,75.7,3.3,14.9,70.5,Average,Part-time,2,1
S0783,Thyolo,Southern,MSc Public Health,84.8,2.7,12.4,98.0,Average,None,2,1
S0784,Kasungu,Central,MSc Public Health,82.0,2.18,13.8,51.7,Poor,Part-time,3,0
S0785,Salima,Central,MSc ICT,81.9,3.52,20.6,54.7,Average,Full-time,3,1
S0786,Rumphi,Northern,MSc Public Health,89.0,2.75,19.9,59.7,Average,Full-time,3,1
S0787,Thyolo,Southern,MSc ICT,94.0,3.2,10.1,68.2,Good,Part-time,2,1
S0788,Zomba,Southern,MSc ICT,91.6,2.77,15.6,73.6,Good,None,1,1
S0789,Mzuzu,Northern,MSc Data Science,84.5,2.83,3.0,70.3,Average,None,2,1
S0790,Zomba,Southern,MSc Data Science,82.2,2.82,5.1,62.0,Good,None,4,1
S0791,Lilongwe,Central,MSc Agronomy,71.3,2.53,19.2,66.4,Average,None,4,1
S0792,Mzuzu,Northern,MSc ICT,77.1,2.61,14.1,51.3,Good,Full-time,3,0
S0793,Zomba,Southern,MSc Public Health,77.7,1.95,8.7,65.7,Average,Part-time,1,1
S0794,Mzuzu,Northern,MSc Public Health,70.3,2.72,10.9,91.5,Poor,Full-time,3,1
S0795,Thyolo,Southern,MSc Agronomy,69.4,3.54,4.2,74.3,Poor,Part-time,5,1
S0796,Karonga,Northern,MSc ICT,92.1,3.44,13.3,67.0,Average,Part-time,1,1
S0797,Karonga,Northern,MSc Public Health,76.2,2.86,3.0,57.3,Good,Full-time,4,1
S0798,Mzuzu,Northern,MSc Public Health,84.2,3.4,24.2,87.1,Average,Part-time,1,1
S0799,Mzuzu,Northern,MSc Agronomy,62.0,2.95,14.8,60.4,Average,Part-time,1,1
S0800,Kasungu,Central,MSc ICT,91.6,2.96,12.1,66.7,Good,Full-time,0,1
S0801,Lilongwe,Central,MSc ICT,53.1,2.54,3.2,53.6,Good,Full-time,1,0
S0802,Dedza,Central,MSc Agronomy,95.8,2.56,11.4,66.1,Average,None,4,1
S0803,Kasungu,Central,MSc Agronomy,67.7,2.92,8.5,77.8,Average,None,1,1
S0804,Dedza,Central,MSc ICT,82.1,3.12,11.5,69.0,Average,None,4,1
S0805,Blantyre,Southern,MSc Public Health,79.4,3.24,7.1,65.6,Good,None,1,1
S0806,Rumphi,Northern,MSc ICT,84.5,2.93,15.3,64.9,Average,Part-time,4,1
S0807,Salima,Central,MSc Data Science,76.9,3.06,13.6,91.8,Average,None,2,1
S0808,Dedza,Central,MSc Public Health,76.1,2.36,10.9,80.0,Average,None,5,1
S0809,Dedza,Central,MSc ICT,89.0,2.76,13.8,66.6,Good,None,1,1
S0810,Kasungu,Central,MSc Agronomy,82.5,2.01,10.9,71.6,Average,Part-time,3,0
S0811,Salima,Central,MSc Agronomy,79.3,3.4,5.6,24.9,Poor,None,1,1
S0812,Lilongwe,Central,MSc Data Science,100.0,1.83,5.6,78.9,Poor,None,1,1
S0813,Kasungu,Central,MSc Public Health,80.7,2.8,12.1,98.0,Average,None,1,1
S0814,Rumphi,Northern,MSc Data Science,72.3,3.48,12.8,84.0,Good,Full-time,3,1
S0815,Salima,Central,MSc Public Health,64.2,3.04,24.5,61.1,Poor,None,2,1
S0816,Blantyre,Southern,MSc ICT,90.9,3.37,16.4,67.7,Good,None,1,1
S0817,Mzimba,Northern,MSc Agronomy,91.2,3.61,16.1,78.8,Good,Part-time,4,1
S0818,Mangochi,Southern,MSc Agronomy,65.3,2.48,4.9,72.4,Poor,None,3,1
S0819,Lilongwe,Central,MSc Data Science,69.8,2.16,13.4,70.5,Good,None,1,1
S0820,Karonga,Northern,MSc ICT,71.3,2.91,8.2,68.1,Average,Part-time,0,1
S0821,Zomba,Southern,MSc Public Health,72.6,2.93,25.3,74.2,Poor,None,4,1
S0822,Salima,Central,MSc Data Science,82.3,2.83,3.5,63.6,Good,Full-time,3,1
S0823,Mangochi,Southern,MSc Public Health,65.5,3.16,12.7,63.2,Poor,None,2,1
S0824,Thyolo,Southern,MSc Agronomy,72.1,3.16,3.7,87.9,Good,Part-time,3,1
S0825,Rumphi,Northern,MSc Public Health,66.5,2.35,11.7,75.0,Average,None,3,1
S0826,Kasungu,Central,MSc Data Science,63.8,3.35,4.9,72.4,Average,Part-time,0,1
S0827,Kasungu,Central,MSc Agronomy,84.9,2.63,6.7,64.6,Average,None,4,1
S0828,Mzuzu,Northern,MSc ICT,76.4,2.71,13.2,86.6,Poor,None,2,1
S0829,Zomba,Southern,MSc Data Science,89.1,2.61,6.6,54.5,Average,Full-time,4,1
S0830,Mzuzu,Northern,MSc ICT,97.6,3.18,19.2,75.2,Average,Part-time,1,1
S0831,Blantyre,Southern,MSc Public Health,95.3,2.87,10.9,53.0,Average,None,2,1
S0832,Salima,Central,MSc Public Health,91.8,3.72,11.8,67.1,Average,None,3,1
S0833,Blantyre,Southern,MSc Data Science,88.0,2.96,23.3,77.3,Average,None,1,1
S0834,Lilongwe,Central,MSc ICT,66.3,2.69,1.3,60.3,Average,None,2,1
S0835,Lilongwe,Central,MSc ICT,63.6,3.34,11.9,58.4,Poor,Part-time,1,0
S0836,Rumphi,Northern,MSc ICT,65.8,2.07,10.2,74.7,Average,None,1,1
S0837,Karonga,Northern,MSc Data Science,79.1,3.03,17.9,58.5,Average,Full-time,2,1
S0838,Kasungu,Central,MSc Agronomy,90.7,3.33,13.4,80.1,Good,Part-time,0,1
S0839,Mzimba,Northern,MSc Public Health,80.2,3.25,8.2,51.2,Average,Part-time,1,1
S0840,Mangochi,Southern,MSc Public Health,95.1,2.45,14.7,57.3,Good,None,2,1
S0841,Karonga,Northern,MSc Agronomy,95.3,3.28,17.1,58.3,Average,None,2,1
S0842,Mangochi,Southern,MSc ICT,61.5,2.82,16.9,48.9,Good,None,3,1
S0843,Mzimba,Northern,MSc Data Science,70.1,3.55,0.0,85.4,Good,Part-time,2,1
S0844,Thyolo,Southern,MSc Data Science,71.4,3.37,16.6,50.5,Average,Part-time,5,1
S0845,Mzuzu,Northern,MSc ICT,68.2,3.71,2.7,52.0,Average,None,2,1
S0846,Zomba,Southern,MSc Data Science,81.8,3.1,13.9,89.7,Poor,None,2,1
S0847,Mzimba,Northern,MSc Data Science,78.2,3.31,12.1,61.7,Poor,None,3,1
S0848,Zomba,Southern,MSc ICT,76.8,2.76,6.6,72.1,Good,None,2,1
S0849,Rumphi,Northern,MSc Public Health,84.9,1.95,9.9,80.3,Average,Full-time,1,1
S0850,Mzuzu,Northern,MSc Data Science,86.1,4.3,8.6,93.8,Good,Part-time,2,1
S0851,Karonga,Northern,MSc ICT,70.4,4.01,14.6,80.2,Poor,Full-time,1,1
S0852,Salima,Central,MSc ICT,76.1,2.0,15.5,64.7,Poor,Part-time,2,1
S0853,Mzuzu,Northern,MSc ICT,78.3,3.83,4.6,72.6,Average,Part-time,2,1
S0854,Salima,Central,MSc Agronomy,54.3,3.39,13.7,56.7,Average,None,1,0
S0855,Dedza,Central,MSc ICT,61.5,3.21,20.8,74.6,Good,None,0,1
S0856,Kasungu,Central,MSc Agronomy,87.8,2.51,3.7,70.3,Good,Part-time,3,1
S0857,Mzuzu,Northern,MSc Agronomy,90.4,2.6,13.4,75.9,Good,Full-time,1,1
S0858,Salima,Central,MSc ICT,67.4,2.23,7.7,54.8,Good,Part-time,4,1
S0859,Mangochi,Southern,MSc Data Science,74.9,2.63,14.2,60.7,Average,Part-time,3,1
S0860,Karonga,Northern,MSc Public Health,76.1,2.9,13.7,70.5,Good,Full-time,0,1
S0861,Zomba,Southern,MSc Data Science,93.6,2.83,10.5,46.8,Good,None,2,1
S0862,Mangochi,Southern,MSc Public Health,85.5,4.12,6.6,82.7,Average,None,1,1
S0863,Mzimba,Northern,MSc Agronomy,83.0,2.03,18.8,90.5,Good,None,0,1
S0864,Mangochi,Southern,MSc Agronomy,53.3,3.82,15.7,45.1,Average,Part-time,3,0
S0865,Kasungu,Central,MSc Agronomy,89.1,3.61,13.1,65.2,Poor,None,3,1
S0866,Mzuzu,Northern,MSc ICT,63.6,2.52,18.7,86.4,Average,Full-time,2,1
S0867,Zomba,Southern,MSc ICT,81.7,4.05,11.2,67.2,Average,Part-time,4,1
S0868,Thyolo,Southern,MSc Public Health,100.0,3.21,3.9,55.3,Average,None,4,1
S0869,Mangochi,Southern,MSc Agronomy,89.1,2.16,11.1,44.1,Good,Part-time,2,1
S0870,Mzimba,Northern,MSc Agronomy,100.0,2.59,14.8,92.2,Poor,Part-time,2,1
S0871,Blantyre,Southern,MSc Public Health,81.7,3.51,11.8,80.2,Good,Part-time,2,1
S0872,Thyolo,Southern,MSc Data Science,98.6,2.95,5.8,69.2,Good,Part-time,2,1
S0873,Mangochi,Southern,MSc Agronomy,83.4,2.62,6.1,62.3,Average,Part-time,3,1
S0874,Mzuzu,Northern,MSc Data Science,85.0,3.24,12.5,44.0,Good,Part-time,5,1
S0875,Mzuzu,Northern,MSc Agronomy,75.4,2.52,11.4,58.0,Average,None,0,1
S0876,Mzuzu,Northern,MSc Public Health,68.8,2.52,9.8,51.0,Good,None,4,1
S0877,Mzimba,Northern,MSc Data Science,71.3,3.37,7.0,77.4,Average,Full-time,3,1
S0878,Thyolo,Southern,MSc Public Health,95.2,2.91,18.3,77.2,Average,Full-time,2,1
S0879,Karonga,Northern,MSc ICT,73.7,3.65,7.9,69.9,Average,None,1,1
S0880,Mzimba,Northern,MSc Data Science,92.7,2.2,4.4,72.7,Average,Part-time,2,1
S0881,Dedza,Central,MSc Public Health,68.5,2.88,12.8,56.2,Poor,None,0,1
S0882,Mzuzu,Northern,MSc Data Science,94.3,3.16,14.2,77.7,Good,None,1,1
S0883,Zomba,Southern,MSc Agronomy,82.7,3.45,17.4,59.9,Average,None,1,1
S0884,Lilongwe,Central,MSc ICT,87.9,3.52,14.3,71.1,Average,Part-time,2,1
S0885,Blantyre,Southern,MSc Public Health,83.0,1.84,7.4,44.1,Average,Part-time,0,0
S0886,Mzimba,Northern,MSc Public Health,84.3,2.77,7.1,60.2,Average,Full-time,0,1
S0887,Blantyre,Southern,MSc Public Health,80.3,2.9,13.3,72.3,Poor,Full-time,1,1
S0888,Karonga,Northern,MSc Agronomy,73.9,3.05,10.1,84.7,Good,None,0,1
S0889,Lilongwe,Central,MSc ICT,96.5,3.7,11.8,69.2,Average,Part-time,3,1
S0890,Mangochi,Southern,MSc Data Science,87.6,4.51,8.8,42.3,Good,Full-time,3,1
S0891,Mangochi,Southern,MSc Public Health,85.4,2.52,2.9,59.1,Good,None,2,1
S0892,Dedza,Central,MSc Agronomy,86.7,3.66,14.2,95.9,Good,Full-time,3,1
S0893,Zomba,Southern,MSc ICT,64.8,3.44,14.7,54.6,Average,None,4,1
S0894,Blantyre,Southern,MSc Data Science,74.6,3.49,9.2,58.9,Average,Part-time,0,1
S0895,Rumphi,Northern,MSc Agronomy,57.4,3.01,12.2,75.2,Good,None,2,1
S0896,Salima,Central,MSc ICT,64.0,3.28,8.8,49.7,Average,None,0,1
S0897,Thyolo,Southern,MSc Data Science,71.4,3.19,14.7,70.9,Average,Part-time,0,1
S0898,Mzuzu,Northern,MSc Public Health,63.6,3.44,16.6,82.1,Poor,None,0,1
S0899,Salima,Central,MSc ICT,82.6,2.94,14.4,63.7,Average,None,3,1
S0900,Zomba,Southern,MSc Agronomy,76.9,3.93,6.5,76.7,Good,Full-time,1,1
S0901,Thyolo,Southern,MSc Agronomy,58.6,1.8,7.2,35.5,Average,None,3,1
S0902,Zomba,Southern,MSc Public Health,82.3,3.15,12.5,61.4,Poor,None,5,1
S0903,Salima,Central,MSc Public Health,71.6,2.88,12.4,76.4,Average,None,5,1
S0904,Karonga,Northern,MSc Public Health,84.4,2.83,8.4,81.8,Poor,Part-time,1,1
S0905,Karonga,Northern,MSc Agronomy,100.0,3.14,7.0,79.0,Average,None,1,1
S0906,Karonga,Northern,MSc Data Science,89.1,3.66,4.9,63.9,Good,None,0,1
S0907,Dedza,Central,MSc ICT,64.6,3.54,17.0,95.9,Good,Full-time,5,1
S0908,Kasungu,Central,MSc Agronomy,69.6,3.63,11.2,97.8,Average,None,1,1
S0909,Mzimba,Northern,MSc Data Science,79.7,2.51,13.1,69.2,Average,Part-time,2,1
S0910,Lilongwe,Central,MSc ICT,94.3,3.93,9.5,86.6,Average,Full-time,2,1
S0911,Lilongwe,Central,MSc ICT,80.7,1.8,19.5,70.2,Good,Part-time,1,1
S0912,Lilongwe,Central,MSc Data Science,79.6,3.4,6.7,75.6,Good,None,3,1
S0913,Dedza,Central,MSc ICT,73.4,3.21,12.8,78.1,Poor,Part-time,3,1
S0914,Mzuzu,Northern,MSc Public Health,71.8,3.21,12.3,70.5,Good,None,1,1
S0915,Dedza,Central,MSc Public Health,95.7,2.82,9.6,70.8,Average,None,2,1
S0916,Karonga,Northern,MSc Agronomy,72.4,2.87,16.0,54.5,Good,Part-time,1,1
S0917,Thyolo,Southern,MSc Public Health,58.8,3.08,22.3,79.3,Poor,Part-time,2,1
S0918,Mzuzu,Northern,MSc Public Health,91.2,3.11,7.8,37.9,Average,None,2,1
S0919,Lilongwe,Central,MSc Public Health,94.7,3.21,10.1,45.4,Average,None,1,1
S0920,Mzuzu,Northern,MSc Data Science,86.7,2.91,0.7,62.5,Average,None,2,1
S0921,Kasungu,Central,MSc Agronomy,94.3,2.62,12.4,71.9,Poor,Part-time,2,1
S0922,Blantyre,Southern,MSc Agronomy,86.6,2.6,21.8,51.7,Average,None,3,1
S0923,Mangochi,Southern,MSc Data Science,74.5,3.02,15.7,77.6,Average,Part-time,3,1
S0924,Salima,Central,MSc ICT,83.8,3.43,15.3,77.4,Good,None,3,1
S0925,Rumphi,Northern,MSc ICT,59.8,3.82,15.0,53.2,Good,None,4,1
S0926,Mzimba,Northern,MSc Public Health,71.4,2.38,16.7,70.0,Average,None,3,1
S0927,Dedza,Central,MSc Public Health,73.2,2.57,10.1,55.1,Average,Part-time,3,1
S0928,Mangochi,Southern,MSc Data Science,89.7,2.67,7.6,73.2,Good,Part-time,1,1
S0929,Dedza,Central,MSc Public Health,62.3,2.9,16.1,73.6,Poor,Part-time,4,1
S0930,Salima,Central,MSc Data Science,99.8,2.36,20.3,98.0,Poor,None,2,1
S0931,Lilongwe,Central,MSc Agronomy,76.0,2.51,14.2,68.1,Average,Full-time,2,1
S0932,Dedza,Central,MSc ICT,100.0,3.51,1.3,94.9,Average,Full-time,3,1
S0933,Mzimba,Northern,MSc Public Health,72.1,3.04,10.0,80.0,Good,Full-time,3,1
S0934,Blantyre,Southern,MSc Public Health,85.1,2.77,7.2,77.9,Average,Full-time,3,1
S0935,Zomba,Southern,MSc Agronomy,63.0,2.38,14.8,64.7,Good,Part-time,1,1
S0936,Mzuzu,Northern,MSc Public Health,100.0,3.32,3.0,65.3,Good,Part-time,0,1
S0937,Salima,Central,MSc Public Health,79.0,3.26,16.0,69.1,Average,Part-time,6,1
S0938,Dedza,Central,MSc Public Health,80.1,3.83,21.8,46.5,Poor,Part-time,0,1
S0939,Lilongwe,Central,MSc Data Science,87.7,2.67,16.1,66.6,Average,Part-time,1,1
S0940,Mzuzu,Northern,MSc Data Science,100.0,3.92,12.5,86.7,Good,Full-time,4,1
S0941,Kasungu,Central,MSc Agronomy,98.2,4.0,11.4,91.1,Average,Full-time,2,1
S0942,Blantyre,Southern,MSc ICT,81.7,2.89,15.8,97.8,Average,Part-time,3,1
S0943,Salima,Central,MSc ICT,68.8,3.33,9.2,53.9,Average,Part-time,2,1
S0944,Salima,Central,MSc Data Science,82.4,3.87,3.4,91.3,Poor,None,1,1
S0945,Mangochi,Southern,MSc Data Science,60.0,3.76,14.3,80.8,Average,Full-time,1,1
S0946,Dedza,Central,MSc Public Health,66.7,2.85,6.6,62.8,Good,None,1,1
S0947,Zomba,Southern,MSc Public Health,72.3,3.55,17.5,80.7,Good,None,2,1
S0948,Blantyre,Southern,MSc Agronomy,86.2,3.84,10.2,63.8,Average,Part-time,1,1
S0949,Salima,Central,MSc ICT,60.7,3.1,14.5,68.7,Average,None,3,1
S0950,Blantyre,Southern,MSc Public Health,74.2,2.44,17.6,61.9,Average,None,0,1
S0951,Karonga,Northern,MSc Data Science,89.6,3.17,11.8,71.9,Average,None,1,1
S0952,Blantyre,Southern,MSc ICT,77.2,1.8,11.8,61.1,Good,Full-time,2,1
S0953,Mzuzu,Northern,MSc ICT,75.6,3.92,13.5,83.7,Poor,None,3,1
S0954,Salima,Central,MSc Public Health,61.6,2.97,14.8,76.1,Average,None,6,1
S0955,Mangochi,Southern,MSc Agronomy,77.0,3.5,13.3,83.0,Poor,None,0,1
S0956,Dedza,Central,MSc Agronomy,76.3,3.17,3.8,71.1,Poor,None,1,1
S0957,Thyolo,Southern,MSc Public Health,62.1,2.6,13.5,57.1,Average,Part-time,3,1
S0958,Thyolo,Southern,MSc Public Health,73.4,3.19,7.7,61.5,Average,Part-time,3,1
S0959,Dedza,Central,MSc Public Health,100.0,3.17,4.9,75.8,Average,Part-time,1,1
S0960,Lilongwe,Central,MSc Data Science,84.8,2.04,13.0,76.4,Average,None,1,1
S0961,Lilongwe,Central,MSc Public Health,66.1,3.33,6.4,56.7,Average,None,1,1
S0962,Mangochi,Southern,MSc Public Health,78.9,3.59,9.9,50.9,Poor,None,2,1
S0963,Kasungu,Central,MSc Public Health,62.8,2.68,12.5,70.7,Good,Part-time,3,1
S0964,Mangochi,Southern,MSc Data Science,57.0,2.6,13.5,71.1,Poor,None,2,1
S0965,Mzuzu,Northern,MSc ICT,68.1,2.1,14.7,52.6,Average,None,2,1
S0966,Salima,Central,MSc Agronomy,96.7,4.4,0.0,87.8,Good,Full-time,2,1
S0967,Rumphi,Northern,MSc ICT,76.4,3.53,7.2,62.7,Good,None,3,1
S0968,Rumphi,Northern,MSc Public Health,75.9,2.16,16.1,61.4,Average,Part-time,0,1
S0969,Kasungu,Central,MSc ICT,78.5,3.45,8.7,67.1,Good,Part-time,2,1
S0970,Thyolo,Southern,MSc Public Health,91.2,3.29,6.1,67.6,Poor,None,0,1
S0971,Mzuzu,Northern,MSc Agronomy,82.8,3.05,13.4,82.2,Good,None,4,1
S0972,Lilongwe,Central,MSc Public Health,84.6,3.7,10.2,61.1,Good,Part-time,4,1
S0973,Zomba,Southern,MSc Agronomy,76.9,4.07,11.8,67.3,Poor,Part-time,1,1
S0974,Kasungu,Central,MSc Data Science,59.8,2.59,17.7,87.6,Good,Part-time,3,1
S0975,Mangochi,Southern,MSc Public Health,70.4,2.03,14.4,48.7,Poor,Part-time,2,0
S0976,Salima,Central,MSc Public Health,82.3,3.85,8.8,81.7,Good,None,2,1
S0977,Dedza,Central,MSc Data Science,77.2,3.25,10.5,77.4,Poor,None,0,1
S0978,Mangochi,Southern,MSc Data Science,77.6,2.44,13.9,45.7,Poor,None,1,0
S0979,Zomba,Southern,MSc ICT,77.0,3.48,6.3,74.4,Average,Part-time,4,1
S0980,Kasungu,Central,MSc Data Science,93.0,3.68,11.2,54.4,Average,None,1,1
S0981,Kasungu,Central,MSc ICT,71.5,3.04,12.1,67.5,Poor,Part-time,1,1
S0982,Mangochi,Southern,MSc Data Science,79.8,3.41,11.4,70.5,Good,Part-time,3,1
S0983,Kasungu,Central,MSc Data Science,71.5,2.46,19.9,98.0,Average,None,1,1
S0984,Kasungu,Central,MSc Public Health,81.5,3.71,12.3,73.1,Poor,None,1,1
S0985,Karonga,Northern,MSc Data Science,97.1,2.67,14.2,82.9,Average,None,2,1
S0986,Salima,Central,MSc ICT,77.0,2.91,13.7,38.2,Average,Full-time,2,1
S0987,Lilongwe,Central,MSc Public Health,81.7,1.8,4.4,83.2,Good,None,1,1
S0988,Karonga,Northern,MSc Public Health,100.0,2.96,12.8,76.1,Good,Full-time,1,1
S0989,Salima,Central,MSc ICT,68.9,3.51,12.9,61.8,Poor,None,2,1
S0990,Rumphi,Northern,MSc Data Science,86.5,3.47,8.6,55.5,Poor,None,1,1
S0991,Mzimba,Northern,MSc Agronomy,75.8,3.2,22.1,75.4,Average,Part-time,3,1
S0992,Mangochi,Southern,MSc Agronomy,72.5,3.17,3.4,79.5,Average,Part-time,4,1
S0993,Zomba,Southern,MSc Public Health,69.6,4.36,8.6,38.2,Good,None,0,1
S0994,Salima,Central,MSc Agronomy,61.9,2.72,5.2,51.6,Average,None,1,1
S0995,Salima,Central,MSc ICT,86.1,3.18,12.2,52.7,Good,Full-time,1,1
S0996,Lilongwe,Central,MSc ICT,90.3,3.44,12.0,81.7,Good,Full-time,1,1
S0997,Kasungu,Central,MSc Agronomy,83.0,3.27,17.8,68.4,Good,None,1,1
S0998,Karonga,Northern,MSc Agronomy,79.6,3.24,27.0,65.4,Poor,None,3,1
S0999,Mzuzu,Northern,MSc Data Science,75.7,2.7,15.2,31.1,Poor,Full-time,0,0
S1000,Blantyre,Southern,MSc Public Health,74.8,2.38,19.1,46.9,Good,None,2,1
S1001,Mangochi,Southern,MSc Agronomy,74.4,3.21,4.3,67.3,Poor,Part-time,0,1
S1002,Rumphi,Northern,MSc ICT,72.7,2.52,12.4,63.8,Poor,None,1,1
S1003,Karonga,Northern,MSc ICT,64.9,3.14,10.9,49.3,Poor,Part-time,6,1
S1004,Rumphi,Northern,MSc Data Science,66.6,3.41,6.8,56.8,Good,Full-time,1,1
S1005,Mangochi,Southern,MSc Public Health,45.8,3.03,17.1,50.0,Good,None,2,1
S1006,Lilongwe,Central,MSc Data Science,64.6,2.38,3.8,57.0,Average,Part-time,3,1
S1007,Rumphi,Northern,MSc ICT,69.4,2.86,12.0,81.3,Poor,None,0,1
S1008,Thyolo,Southern,MSc ICT,79.2,2.45,16.0,68.2,Average,Part-time,2,1
S1009,Mzimba,Northern,MSc Data Science,74.8,2.4,10.4,82.2,Poor,None,3,1
S1010,Dedza,Central,MSc Agronomy,84.7,2.72,10.9,77.8,Average,Full-time,0,1
S1011,Kasungu,Central,MSc Public Health,85.7,2.71,10.1,96.2,Average,None,2,1
S1012,Lilongwe,Central,MSc Public Health,78.9,3.36,13.7,64.9,Good,None,7,1
S1013,Rumphi,Northern,MSc Public Health,77.9,3.66,21.3,58.0,Good,None,3,1
S1014,Kasungu,Central,MSc Agronomy,81.9,2.62,18.5,87.8,Average,None,2,1
S1015,Mangochi,Southern,MSc Data Science,70.2,3.61,21.9,61.5,Average,None,0,1
S1016,Blantyre,Southern,MSc ICT,94.5,3.35,12.4,78.1,Average,Part-time,0,1
S1017,Zomba,Southern,MSc ICT,58.0,3.04,1.2,38.0,Good,None,5,0
S1018,Kasungu,Central,MSc ICT,78.7,2.11,16.2,61.0,Average,None,1,1
S1019,Mzimba,Northern,MSc Public Health,81.3,4.0,13.3,70.5,Average,None,4,1
S1020,Mangochi,Southern,MSc Data Science,83.7,4.11,11.1,64.4,Poor,Part-time,2,1
S1021,Thyolo,Southern,MSc Agronomy,87.2,3.67,17.4,60.0,Good,Part-time,2,1
S1022,Thyolo,Southern,MSc Data Science,74.0,3.57,14.0,87.0,Average,Full-time,0,1
S1023,Mzimba,Northern,MSc ICT,81.9,3.14,15.6,59.7,Average,Part-time,3,1
S1024,Zomba,Southern,MSc Data Science,79.4,3.01,14.4,87.7,Poor,Full-time,0,1
S1025,Rumphi,Northern,MSc ICT,81.5,2.54,9.3,43.9,Average,None,4,0
S1026,Blantyre,Southern,MSc Data Science,73.5,3.5,12.1,66.1,Good,Part-time,4,1
S1027,Salima,Central,MSc Agronomy,88.2,2.96,7.4,57.3,Good,None,0,1
S1028,Dedza,Central,MSc Data Science,74.0,3.2,5.7,69.0,Average,Full-time,4,1
S1029,Dedza,Central,MSc Data Science,81.8,2.78,3.9,68.9,Good,Part-time,1,1
S1030,Kasungu,Central,MSc Public Health,66.5,3.31,7.5,80.8,Poor,None,0,1
S1031,Mangochi,Southern,MSc Public Health,80.4,2.81,9.5,94.4,Average,None,7,1
S1032,Kasungu,Central,MSc Data Science,65.5,3.21,15.6,48.0,Good,None,1,1
S1033,Zomba,Southern,MSc ICT,65.7,2.95,13.4,68.0,Average,None,3,1
S1034,Lilongwe,Central,MSc Public Health,65.1,3.33,16.0,86.0,Average,Part-time,4,1
S1035,Mzimba,Northern,MSc Public Health,97.1,2.91,17.7,63.6,Good,Full-time,0,1
S1036,Blantyre,Southern,MSc ICT,93.1,3.47,17.6,98.0,Average,Part-time,4,1
S1037,Kasungu,Central,MSc Agronomy,71.9,3.25,19.8,48.7,Average,Part-time,2,1
S1038,Dedza,Central,MSc Data Science,67.8,3.85,12.2,92.1,Good,Full-time,1,1
S1039,Karonga,Northern,MSc Public Health,80.2,2.5,1.7,77.9,Good,None,0,1
S1040,Blantyre,Southern,MSc Agronomy,98.2,3.45,14.1,93.9,Average,None,1,1
S1041,Dedza,Central,MSc Agronomy,100.0,3.81,19.2,44.2,Good,None,6,1
S1042,Blantyre,Southern,MSc ICT,73.7,2.5,12.3,64.7,Average,Part-time,2,1
S1043,Rumphi,Northern,MSc ICT,99.9,2.04,11.5,69.0,Average,Part-time,1,1
S1044,Dedza,Central,MSc Data Science,92.7,3.06,17.5,84.0,Average,None,2,1
S1045,Mangochi,Southern,MSc Data Science,79.0,2.75,5.8,57.6,Average,None,1,1
S1046,Karonga,Northern,MSc ICT,76.7,3.39,11.1,48.9,Poor,None,3,1
S1047,Blantyre,Southern,MSc Data Science,83.8,3.72,15.3,71.8,Good,None,2,1
S1048,Thyolo,Southern,MSc Data Science,87.8,3.28,7.4,54.8,Good,None,0,1
S1049,Blantyre,Southern,MSc ICT,77.9,2.41,16.4,64.1,Average,None,2,1
S1050,Mzuzu,Northern,MSc ICT,79.9,3.32,21.3,57.9,Average,None,2,1
S1051,Blantyre,Southern,MSc Data Science,92.4,3.29,16.1,62.3,Good,Part-time,3,1
S1052,Salima,Central,MSc Public Health,74.4,2.88,10.6,88.1,Good,None,0,1
S1053,Rumphi,Northern,MSc Public Health,70.6,3.53,11.5,79.5,Average,Full-time,1,1
S1054,Mzuzu,Northern,MSc Data Science,99.9,3.95,12.9,63.4,Average,Part-time,1,1
S1055,Rumphi,Northern,MSc Data Science,93.3,2.57,15.1,77.5,Poor,None,4,1
S1056,Mangochi,Southern,MSc Public Health,47.3,2.69,9.1,55.6,Average,Part-time,2,0
S1057,Lilongwe,Central,MSc Data Science,87.8,2.8,13.9,73.7,Average,Full-time,0,1
S1058,Blantyre,Southern,MSc Agronomy,69.0,2.52,13.5,78.3,Good,Full-time,3,1
S1059,Karonga,Northern,MSc ICT,89.7,3.43,11.6,63.2,Poor,Part-time,4,0
S1060,Mangochi,Southern,MSc Data Science,88.0,3.73,11.5,73.5,Average,Full-time,3,1
S1061,Blantyre,Southern,MSc ICT,86.9,2.4,9.8,58.5,Poor,Part-time,2,1
S1062,Mzuzu,Northern,MSc Public Health,67.6,3.77,11.2,63.6,Poor,Part-time,2,1
S1063,Mzuzu,Northern,MSc Data Science,86.6,3.04,21.1,88.5,Good,None,1,1
S1064,Mzuzu,Northern,MSc Public Health,81.2,2.37,11.2,65.5,Poor,None,2,1
S1065,Thyolo,Southern,MSc Data Science,90.6,2.75,10.9,95.8,Poor,None,2,1
S1066,Mangochi,Southern,MSc ICT,76.0,3.36,10.7,65.3,Good,Full-time,2,1
S1067,Mzuzu,Northern,MSc ICT,79.2,2.29,1.7,62.6,Average,Full-time,3,1
S1068,Rumphi,Northern,MSc Agronomy,75.5,2.92,15.3,51.1,Average,None,3,1
S1069,Karonga,Northern,MSc Data Science,78.9,4.03,14.3,51.3,Poor,Full-time,2,1
S1070,Blantyre,Southern,MSc Data Science,81.4,2.97,18.8,28.1,Average,None,1,1
S1071,Salima,Central,MSc Public Health,85.7,2.85,13.5,59.2,Average,Part-time,1,1
S1072,Mangochi,Southern,MSc Public Health,62.5,3.17,15.9,65.5,Good,Full-time,1,1
S1073,Blantyre,Southern,MSc ICT,86.9,3.0,12.1,60.5,Good,Full-time,1,1
S1074,Zomba,Southern,MSc Agronomy,67.5,3.24,2.3,44.6,Good,Part-time,1,1
S1075,Thyolo,Southern,MSc Data Science,70.5,2.97,9.3,61.2,Average,Part-time,6,1
S1076,Mzimba,Northern,MSc Public Health,75.4,2.81,12.4,75.7,Good,Part-time,1,1
S1077,Thyolo,Southern,MSc Agronomy,97.2,3.07,11.8,73.1,Poor,None,3,1
S1078,Dedza,Central,MSc Data Science,98.2,2.86,2.0,64.3,Good,Full-time,5,1
S1079,Mangochi,Southern,MSc Data Science,86.2,2.11,15.7,71.4,Average,Part-time,2,1
S1080,Kasungu,Central,MSc Agronomy,91.9,2.6,11.1,73.8,Good,Part-time,3,1
S1081,Dedza,Central,MSc Agronomy,100.0,3.48,4.3,74.7,Good,Full-time,1,1
S1082,Dedza,Central,MSc Data Science,71.7,3.38,22.1,54.9,Good,Part-time,1,1
S1083,Rumphi,Northern,MSc ICT,68.0,2.88,13.4,80.6,Good,Part-time,3,1
S1084,Blantyre,Southern,MSc Agronomy,65.9,2.75,15.3,61.5,Good,Part-time,3,1
S1085,Thyolo,Southern,MSc ICT,100.0,2.83,18.5,69.8,Good,Part-time,1,1
S1086,Rumphi,Northern,MSc ICT,73.0,2.83,4.6,81.3,Average,Part-time,4,1
S1087,Salima,Central,MSc Data Science,100.0,3.32,9.7,70.3,Good,Part-time,0,1
S1088,Lilongwe,Central,MSc Data Science,53.4,4.9,17.0,91.6,Good,Part-time,1,1
S1089,Thyolo,Southern,MSc Agronomy,58.0,3.1,10.8,76.6,Poor,None,2,1
S1090,Lilongwe,Central,MSc ICT,72.8,2.77,11.8,48.0,Poor,None,2,0
S1091,Rumphi,Northern,MSc Data Science,74.8,2.63,12.4,68.1,Poor,Full-time,2,1
S1092,Zomba,Southern,MSc Data Science,77.6,3.46,16.9,83.2,Good,Part-time,0,1
S1093,Kasungu,Central,MSc Data Science,86.0,3.56,14.9,79.7,Good,None,7,1
S1094,Rumphi,Northern,MSc Data Science,83.6,2.95,15.5,70.9,Poor,None,4,1
S1095,Lilongwe,Central,MSc ICT,77.4,3.37,1.3,58.5,Good,Part-time,1,1
S1096,Dedza,Central,MSc ICT,84.4,2.74,8.3,38.9,Average,None,1,1
S1097,Blantyre,Southern,MSc Data Science,75.4,3.18,12.6,72.8,Good,None,2,1
S1098,Zomba,Southern,MSc ICT,84.7,2.16,8.3,83.5,Average,None,0,1
S1099,Karonga,Northern,MSc ICT,93.8,2.91,2.4,74.9,Good,None,3,1
S1100,Zomba,Southern,MSc Data Science,74.6,1.8,10.6,77.3,Good,None,6,1
S1101,Dedza,Central,MSc ICT,59.9,2.79,9.8,96.0,Average,None,2,1
S1102,Rumphi,Northern,MSc Data Science,71.3,2.26,12.2,53.1,Good,Part-time,1,1
S1103,Rumphi,Northern,MSc Agronomy,95.9,3.16,9.2,77.0,Poor,None,0,1
S1104,Lilongwe,Central,MSc Public Health,74.1,2.82,10.3,85.8,Average,None,1,1
S1105,Thyolo,Southern,MSc Data Science,81.7,2.06,7.9,53.9,Good,None,2,1
S1106,Dedza,Central,MSc Data Science,83.9,3.14,8.9,88.4,Average,None,4,1
S1107,Mzimba,Northern,MSc Agronomy,100.0,3.17,13.7,62.4,Good,None,2,1
S1108,Mzuzu,Northern,MSc Data Science,76.9,2.87,11.4,75.0,Average,None,3,1
S1109,Blantyre,Southern,MSc Public Health,63.7,2.76,3.4,89.8,Good,None,0,1
S1110,Dedza,Central,MSc ICT,96.9,3.31,14.0,78.9,Average,Part-time,1,1
S1111,Lilongwe,Central,MSc ICT,72.3,2.66,12.7,73.2,Average,Full-time,4,1
S1112,Zomba,Southern,MSc Data Science,80.5,3.18,15.1,78.9,Poor,Part-time,2,1
S1113,Mzimba,Northern,MSc Agronomy,66.4,3.66,13.1,74.4,Good,None,0,1
S1114,Kasungu,Central,MSc Agronomy,100.0,2.83,0.0,84.7,Good,None,1,1
S1115,Thyolo,Southern,MSc Public Health,80.8,2.93,11.2,54.8,Good,Part-time,4,1
S1116,Mzuzu,Northern,MSc ICT,81.0,3.17,4.8,64.1,Average,None,3,1
S1117,Lilongwe,Central,MSc Agronomy,100.0,1.96,14.1,86.4,Average,None,1,1
S1118,Zomba,Southern,MSc ICT,67.7,2.75,11.9,76.6,Poor,None,3,1
S1119,Mzimba,Northern,MSc Data Science,54.5,2.76,12.8,82.1,Poor,Part-time,4,1
S1120,Kasungu,Central,MSc Data Science,78.9,2.89,14.7,65.4,Average,Full-time,1,1
S1121,Kasungu,Central,MSc Agronomy,77.6,2.71,16.0,36.5,Poor,Full-time,1,0
S1122,Thyolo,Southern,MSc Data Science,96.8,2.56,3.6,75.0,Good,Part-time,2,1
S1123,Thyolo,Southern,MSc ICT,82.9,3.84,13.2,37.8,Average,None,1,1
S1124,Mzimba,Northern,MSc Agronomy,73.0,1.99,6.5,63.9,Poor,None,1,0
S1125,Mzimba,Northern,MSc ICT,75.3,3.49,10.5,84.0,Average,None,2,1
S1126,Lilongwe,Central,MSc Data Science,54.2,3.29,12.0,52.3,Poor,Part-time,2,1
S1127,Dedza,Central,MSc Agronomy,98.3,2.56,12.6,75.7,Average,None,1,1
S1128,Dedza,Central,MSc Data Science,80.4,2.83,7.7,50.9,Poor,None,4,0
S1129,Mzimba,Northern,MSc ICT,55.8,1.93,11.7,69.3,Average,None,3,1
S1130,Mzuzu,Northern,MSc ICT,88.0,2.58,17.7,63.6,Poor,None,2,1
S1131,Dedza,Central,MSc ICT,84.9,3.32,11.2,78.3,Average,Full-time,2,1
S1132,Blantyre,Southern,MSc ICT,70.2,3.35,7.0,59.9,Good,None,4,1
S1133,Zomba,Southern,MSc Public Health,84.4,2.85,14.0,84.1,Average,Full-time,1,1
S1134,Salima,Central,MSc Data Science,73.0,3.54,5.6,80.8,Average,None,0,1
S1135,Zomba,Southern,MSc Public Health,74.4,2.71,20.5,93.4,Poor,Part-time,2,1
S1136,Rumphi,Northern,MSc Agronomy,83.3,3.36,8.2,89.4,Good,None,1,1
S1137,Zomba,Southern,MSc Data Science,81.2,3.28,9.2,65.4,Good,Part-time,1,1
S1138,Mangochi,Southern,MSc ICT,74.0,3.41,13.2,77.4,Average,None,5,1
S1139,Salima,Central,MSc Data Science,71.8,3.3,12.7,86.2,Good,Part-time,0,1
S1140,Thyolo,Southern,MSc Data Science,95.7,2.95,17.2,86.3,Average,Part-time,5,1
S1141,Karonga,Northern,MSc ICT,89.2,3.53,16.2,90.0,Average,None,3,1
S1142,Zomba,Southern,MSc Data Science,80.7,4.26,13.9,58.2,Average,Part-time,4,1
S1143,Rumphi,Northern,MSc Data Science,68.6,4.09,8.6,60.7,Average,None,4,1
S1144,Mzimba,Northern,MSc Data Science,88.0,2.59,18.5,75.5,Poor,Full-time,2,1
S1145,Mzimba,Northern,MSc Data Science,71.2,3.22,11.3,43.4,Average,Full-time,2,1
S1146,Thyolo,Southern,MSc Public Health,83.5,1.8,15.9,80.3,Good,Part-time,1,1
S1147,Salima,Central,MSc Data Science,82.6,2.67,10.3,60.4,Average,Part-time,2,1
S1148,Karonga,Northern,MSc Public Health,72.8,2.97,13.7,56.9,Good,None,0,1
S1149,Blantyre,Southern,MSc Data Science,99.6,3.14,15.7,60.7,Good,None,1,1
S1150,Mzimba,Northern,MSc Data Science,71.7,3.71,7.7,68.5,Good,None,0,1
S1151,Zomba,Southern,MSc Agronomy,76.2,4.07,5.0,72.0,Average,None,1,1
S1152,Mzuzu,Northern,MSc Data Science,84.7,3.25,18.1,46.1,Good,Full-time,1,1
S1153,Thyolo,Southern,MSc Agronomy,95.9,3.51,5.5,59.1,Good,None,0,1
S1154,Karonga,Northern,MSc ICT,89.1,3.82,12.0,69.8,Average,Part-time,4,1
S1155,Blantyre,Southern,MSc Data Science,70.3,2.93,14.1,72.1,Poor,None,3,1
S1156,Mzimba,Northern,MSc Agronomy,71.7,2.55,10.4,50.8,Average,None,3,1
S1157,Mzimba,Northern,MSc Public Health,63.6,3.5,16.9,70.2,Good,None,5,1
S1158,Lilongwe,Central,MSc Public Health,87.1,3.18,17.0,52.7,Average,None,1,1
S1159,Blantyre,Southern,MSc Agronomy,71.6,2.54,15.0,63.0,Average,Part-time,1,1
S1160,Mangochi,Southern,MSc ICT,57.9,2.94,7.9,49.5,Poor,Part-time,0,1
S1161,Lilongwe,Central,MSc ICT,63.7,2.89,8.8,84.7,Good,Part-time,3,1
S1162,Dedza,Central,MSc ICT,76.8,2.55,0.3,71.6,Good,None,1,1
S1163,Thyolo,Southern,MSc Agronomy,82.2,2.91,23.5,69.2,Average,None,1,1
S1164,Mangochi,Southern,MSc Data Science,83.9,2.62,25.3,53.4,Average,Full-time,2,1
S1165,Lilongwe,Central,MSc ICT,87.3,2.39,13.6,60.4,Average,None,0,1
S1166,Mangochi,Southern,MSc Data Science,77.8,3.08,6.2,64.2,Average,Part-time,4,1
S1167,Lilongwe,Central,MSc Data Science,80.2,3.51,5.4,96.7,Good,None,3,1
S1168,Mzuzu,Northern,MSc ICT,98.3,2.13,15.1,61.4,Average,Part-time,5,1
S1169,Blantyre,Southern,MSc Data Science,64.1,3.76,15.7,59.9,Good,None,2,1
S1170,Mangochi,Southern,MSc ICT,77.6,2.63,11.7,44.5,Poor,None,3,1
S1171,Blantyre,Southern,MSc Data Science,66.3,2.95,14.2,59.1,Good,Part-time,1,1
S1172,Dedza,Central,MSc Data Science,64.5,2.82,14.9,69.1,Good,None,2,1
S1173,Karonga,Northern,MSc Data Science,44.0,2.12,11.9,65.7,Average,Part-time,1,1
S1174,Kasungu,Central,MSc Agronomy,67.1,2.18,10.4,32.4,Good,Part-time,3,1
S1175,Karonga,Northern,MSc ICT,68.2,2.61,22.0,98.0,Average,None,0,1
S1176,Rumphi,Northern,MSc Public Health,88.3,2.61,16.2,64.1,Average,Part-time,1,1
S1177,Mzuzu,Northern,MSc Data Science,81.7,3.19,16.7,51.2,Good,Part-time,2,1
S1178,Karonga,Northern,MSc Agronomy,70.0,2.7,15.2,75.3,Good,None,1,1
S1179,Blantyre,Southern,MSc ICT,93.3,1.8,8.7,81.3,Poor,Part-time,2,1
S1180,Salima,Central,MSc Data Science,85.9,1.98,12.8,84.9,Good,Part-time,0,1
S1181,Salima,Central,MSc Data Science,85.0,3.73,11.1,66.1,Poor,None,1,1
S1182,Mzimba,Northern,MSc Public Health,82.3,3.34,10.5,81.0,Average,None,1,1
S1183,Thyolo,Southern,MSc Public Health,82.3,4.01,13.3,96.9,Average,None,2,1
S1184,Rumphi,Northern,MSc ICT,71.1,2.98,11.5,54.6,Good,None,4,1
S1185,Zomba,Southern,MSc Public Health,91.9,4.02,15.9,54.5,Good,None,2,1
S1186,Mzimba,Northern,MSc Agronomy,84.0,2.97,11.0,67.1,Average,Part-time,2,1
S1187,Mzimba,Northern,MSc Public Health,95.8,2.21,16.0,71.4,Poor,Part-time,1,1
S1188,Lilongwe,Central,MSc Data Science,73.4,3.54,18.3,88.0,Good,Part-time,0,1
S1189,Dedza,Central,MSc ICT,94.0,3.21,13.0,68.1,Average,None,2,1
S1190,Salima,Central,MSc Agronomy,72.2,2.84,17.0,75.2,Good,None,1,1
S1191,Lilongwe,Central,MSc ICT,79.6,3.2,16.5,66.3,Average,None,1,1
S1192,Mangochi,Southern,MSc ICT,83.4,2.85,6.4,92.3,Average,Part-time,2,1
S1193,Mangochi,Southern,MSc Agronomy,77.4,3.53,8.3,66.2,Poor,Part-time,0,1
S1194,Rumphi,Northern,MSc Data Science,79.2,3.11,7.2,73.5,Average,None,5,1
S1195,Lilongwe,Central,MSc Public Health,73.6,2.2,9.3,88.9,Average,Part-time,3,1
S1196,Blantyre,Southern,MSc Data Science,77.5,2.66,13.9,78.6,Average,Part-time,3,1
S1197,Rumphi,Northern,MSc Public Health,79.0,3.56,18.0,84.8,Average,None,1,1
S1198,Zomba,Southern,MSc Agronomy,89.4,2.56,15.0,89.3,Poor,Part-time,1,1
S1199,Dedza,Central,MSc Public Health,100.0,3.65,7.8,84.9,Average,Part-time,3,1
S1200,Karonga,Northern,MSc Agronomy,83.3,2.63,7.2,57.3,Average,None,1,1
